measure_id,source_id,n_sources,pipeline,via,category,subcategory,measure_type,unit,scale,time_resolution,vintage,vintage_min,vintage_max,vintage_release,vintage_lag,compiler_first_year,compiler_last_year,compiler_citation,expected_national,expected_state,expected_county,actual_national,actual_state,actual_county,parity_flag,display_status,duplicate_group,duplicate_note,coverage_states,n_states_with_data,n_counties_with_data,n_states_with_county_data,n_observations,time_min,time_max
acs_AGE,acs5,1,census,direct,population_demographics,NA,number,Years,NA,Year,NA,NA,NA,NA,NA,NA,NA,NA,Y,Y,Y,TRUE,TRUE,TRUE,NA,primary,acs_AGE,NA,01;02;04;05;06;08;09;10;11;12;13;15;16;17;18;19;20;21;22;23;24;25;26;27;28;29;30;31;32;33;34;35;36;37;38;39;40;41;42;44;45;46;47;48;49;50;51;53;54;55;56;72,52,3231,52,19646,2019-12-31,2024-12-31
acs_BDB,acs5,1,census,direct,social_determinants_of_health,neighborhood_and_built_environment,percent,NA,0-1,Year,NA,NA,NA,NA,NA,NA,NA,NA,Y,Y,Y,TRUE,TRUE,TRUE,NA,primary,acs_BDB,NA,01;02;04;05;06;08;09;10;11;12;13;15;16;17;18;19;20;21;22;23;24;25;26;27;28;29;30;31;32;33;34;35;36;37;38;39;40;41;42;44;45;46;47;48;49;50;51;53;54;55;56;72,52,3231,52,19646,2019-12-31,2024-12-31
acs_BTH,acs5,1,census,direct,maternal_and_infant_health,NA,percent,NA,0-1,Year,NA,NA,NA,NA,NA,NA,NA,NA,Y,Y,Y,TRUE,TRUE,TRUE,NA,primary,acs_BTH,NA,01;02;04;05;06;08;09;10;11;12;13;15;16;17;18;19;20;21;22;23;24;25;26;27;28;29;30;31;32;33;34;35;36;37;38;39;40;41;42;44;45;46;47;48;49;50;51;53;54;55;56;72,52,3231,52,19644,2019-12-31,2024-12-31
acs_DCY,acs5,1,census,direct,social_determinants_of_health,education_access_and_quality,percent,NA,0-1,Year,NA,NA,NA,NA,NA,NA,NA,NA,Y,Y,Y,TRUE,TRUE,TRUE,NA,primary,acs_DCY,NA,01;02;04;05;06;08;09;10;11;12;13;15;16;17;18;19;20;21;22;23;24;25;26;27;28;29;30;31;32;33;34;35;36;37;38;39;40;41;42;44;45;46;47;48;49;50;51;53;54;55;56;72,52,3230,52,19629,2019-12-31,2024-12-31
acs_DEP,acs5,1,census,direct,population_demographics,NA,number,Ratio,NA,Year,NA,NA,NA,NA,NA,NA,NA,NA,Y,Y,Y,TRUE,TRUE,TRUE,NA,primary,acs_DEP,NA,01;02;04;05;06;08;09;10;11;12;13;15;16;17;18;19;20;21;22;23;24;25;26;27;28;29;30;31;32;33;34;35;36;37;38;39;40;41;42;44;45;46;47;48;49;50;51;53;54;55;56;72,52,3231,52,19646,2019-12-31,2024-12-31
acs_DIS,acs5,1,census,direct,population_demographics,NA,percent,NA,0-1,Year,NA,NA,NA,NA,NA,NA,NA,NA,Y,Y,Y,TRUE,TRUE,TRUE,NA,primary,acs_DIS,NA,01;02;04;05;06;08;09;10;11;12;13;15;16;17;18;19;20;21;22;23;24;25;26;27;28;29;30;31;32;33;34;35;36;37;38;39;40;41;42;44;45;46;47;48;49;50;51;53;54;55;56;72,52,3231,52,19646,2019-12-31,2024-12-31
acs_EDB,acs5,1,census,direct,social_determinants_of_health,education_access_and_quality,percent,NA,0-1,Year,NA,NA,NA,NA,NA,NA,NA,NA,Y,Y,Y,TRUE,TRUE,TRUE,NA,primary,acs_EDB,NA,01;02;04;05;06;08;09;10;11;12;13;15;16;17;18;19;20;21;22;23;24;25;26;27;28;29;30;31;32;33;34;35;36;37;38;39;40;41;42;44;45;46;47;48;49;50;51;53;54;55;56;72,52,3231,52,19646,2019-12-31,2024-12-31
acs_EDC,acs5,1,census,direct,social_determinants_of_health,education_access_and_quality,percent,NA,0-1,Year,NA,NA,NA,NA,NA,NA,NA,NA,Y,Y,Y,TRUE,TRUE,TRUE,NA,primary,acs_EDC,NA,01;02;04;05;06;08;09;10;11;12;13;15;16;17;18;19;20;21;22;23;24;25;26;27;28;29;30;31;32;33;34;35;36;37;38;39;40;41;42;44;45;46;47;48;49;50;51;53;54;55;56;72,52,3231,52,19646,2019-12-31,2024-12-31
acs_GNI,acs5,1,census,direct,social_determinants_of_health,economic_stability,number,Index (0-1),NA,Year,NA,NA,NA,NA,NA,NA,NA,NA,Y,Y,Y,TRUE,TRUE,TRUE,NA,primary,acs_GNI,NA,01;02;04;05;06;08;09;10;11;12;13;15;16;17;18;19;20;21;22;23;24;25;26;27;28;29;30;31;32;33;34;35;36;37;38;39;40;41;42;44;45;46;47;48;49;50;51;53;54;55;56;72,52,3231,52,19646,2019-12-31,2024-12-31
acs_GRP,acs5,1,census,direct,social_determinants_of_health,neighborhood_and_built_environment,percent,NA,0-1,Year,NA,NA,NA,NA,NA,NA,NA,NA,Y,Y,Y,TRUE,TRUE,TRUE,NA,primary,acs_GRP,NA,01;02;04;05;06;08;09;10;11;12;13;15;16;17;18;19;20;21;22;23;24;25;26;27;28;29;30;31;32;33;34;35;36;37;38;39;40;41;42;44;45;46;47;48;49;50;51;53;54;55;56;72,52,3231,52,19646,2019-12-31,2024-12-31
acs_HBS,acs5,1,census,direct,social_determinants_of_health,economic_stability,percent,NA,0-1,Year,NA,NA,NA,NA,NA,NA,NA,NA,Y,Y,Y,TRUE,TRUE,TRUE,NA,primary,acs_HBS,NA,01;02;04;05;06;08;09;10;11;12;13;15;16;17;18;19;20;21;22;23;24;25;26;27;28;29;30;31;32;33;34;35;36;37;38;39;40;41;42;44;45;46;47;48;49;50;51;53;54;55;56;72,52,3231,52,19646,2019-12-31,2024-12-31
acs_HBU,acs5,1,census,direct,social_determinants_of_health,economic_stability,percent,NA,0-1,Year,NA,NA,NA,NA,NA,NA,NA,NA,Y,Y,Y,TRUE,TRUE,TRUE,NA,primary,acs_HBU,NA,01;02;04;05;06;08;09;10;11;12;13;15;16;17;18;19;20;21;22;23;24;25;26;27;28;29;30;31;32;33;34;35;36;37;38;39;40;41;42;44;45;46;47;48;49;50;51;53;54;55;56;72,52,3231,52,19646,2019-12-31,2024-12-31
acs_HTA,acs5,1,census,direct,social_determinants_of_health,social_and_community_context,percent,NA,0-1,Year,NA,NA,NA,NA,NA,NA,NA,NA,Y,Y,Y,TRUE,TRUE,TRUE,NA,primary,acs_HTA,NA,01;02;04;05;06;08;09;10;11;12;13;15;16;17;18;19;20;21;22;23;24;25;26;27;28;29;30;31;32;33;34;35;36;37;38;39;40;41;42;44;45;46;47;48;49;50;51;53;54;55;56;72,52,3231,52,19646,2019-12-31,2024-12-31
acs_HTJ,acs5,1,census,direct,social_determinants_of_health,neighborhood_and_built_environment,percent,NA,0-1,Year,NA,NA,NA,NA,NA,NA,NA,NA,Y,Y,Y,TRUE,TRUE,TRUE,NA,primary,acs_HTJ,NA,01;02;04;05;06;08;09;10;11;12;13;15;16;17;18;19;20;21;22;23;24;25;26;27;28;29;30;31;32;33;34;35;36;37;38;39;40;41;42;44;45;46;47;48;49;50;51;53;54;55;56;72,52,3231,52,19646,2019-12-31,2024-12-31
acs_HUF,acs5,1,census,direct,social_determinants_of_health,neighborhood_and_built_environment,percent,NA,0-1,Year,NA,NA,NA,NA,NA,NA,NA,NA,Y,Y,Y,TRUE,TRUE,TRUE,NA,primary,acs_HUF,NA,01;02;04;05;06;08;09;10;11;12;13;15;16;17;18;19;20;21;22;23;24;25;26;27;28;29;30;31;32;33;34;35;36;37;38;39;40;41;42;44;45;46;47;48;49;50;51;53;54;55;56;72,52,3231,52,19646,2019-12-31,2024-12-31
acs_HUG,acs5,1,census,direct,social_determinants_of_health,neighborhood_and_built_environment,percent,NA,0-1,Year,NA,NA,NA,NA,NA,NA,NA,NA,Y,Y,Y,TRUE,TRUE,TRUE,NA,primary,acs_HUG,NA,01;02;04;05;06;08;09;10;11;12;13;15;16;17;18;19;20;21;22;23;24;25;26;27;28;29;30;31;32;33;34;35;36;37;38;39;40;41;42;44;45;46;47;48;49;50;51;53;54;55;56;72,52,3231,52,19636,2019-12-31,2024-12-31
acs_HUN,acs5,1,census,direct,social_determinants_of_health,neighborhood_and_built_environment,percent,NA,0-1,Year,NA,NA,NA,NA,NA,NA,NA,NA,Y,Y,Y,TRUE,TRUE,TRUE,NA,primary,acs_HUN,NA,01;02;04;05;06;08;09;10;11;12;13;15;16;17;18;19;20;21;22;23;24;25;26;27;28;29;30;31;32;33;34;35;36;37;38;39;40;41;42;44;45;46;47;48;49;50;51;53;54;55;56;72,52,3231,52,19646,2019-12-31,2024-12-31
acs_HUO,acs5,1,census,direct,social_determinants_of_health,neighborhood_and_built_environment,percent,NA,0-1,Year,NA,NA,NA,NA,NA,NA,NA,NA,Y,Y,Y,TRUE,TRUE,TRUE,NA,primary,acs_HUO,NA,01;02;04;05;06;08;09;10;11;12;13;15;16;17;18;19;20;21;22;23;24;25;26;27;28;29;30;31;32;33;34;35;36;37;38;39;40;41;42;44;45;46;47;48;49;50;51;53;54;55;56;72,52,3231,52,19646,2019-12-31,2024-12-31
acs_INB,acs5,1,census,direct,social_determinants_of_health,economic_stability,dollars,NA,NA,Year,NA,NA,NA,NA,NA,NA,NA,NA,Y,Y,Y,TRUE,TRUE,TRUE,NA,primary,acs_INB,NA,01;02;04;05;06;08;09;10;11;12;13;15;16;17;18;19;20;21;22;23;24;25;26;27;28;29;30;31;32;33;34;35;36;37;38;39;40;41;42;44;45;46;47;48;49;50;51;53;54;55;56;72,52,3231,52,19636,2019-12-31,2024-12-31
acs_INC,acs5,1,census,direct,social_determinants_of_health,economic_stability,dollars,NA,NA,Year,NA,NA,NA,NA,NA,NA,NA,NA,Y,Y,Y,TRUE,TRUE,TRUE,NA,primary,acs_INC,NA,01;02;04;05;06;08;09;10;11;12;13;15;16;17;18;19;20;21;22;23;24;25;26;27;28;29;30;31;32;33;34;35;36;37;38;39;40;41;42;44;45;46;47;48;49;50;51;53;54;55;56;72,52,3231,52,19640,2019-12-31,2024-12-31
acs_INL,acs5,1,census,direct,social_determinants_of_health,economic_stability,percent,NA,0-1,Year,NA,NA,NA,NA,NA,NA,NA,NA,Y,Y,Y,TRUE,TRUE,TRUE,NA,primary,acs_INL,NA,01;02;04;05;06;08;09;10;11;12;13;15;16;17;18;19;20;21;22;23;24;25;26;27;28;29;30;31;32;33;34;35;36;37;38;39;40;41;42;44;45;46;47;48;49;50;51;53;54;55;56;72,52,3228,52,19592,2019-12-31,2024-12-31
acs_INM,acs5,1,census,direct,social_determinants_of_health,economic_stability,percent,NA,0-1,Year,NA,NA,NA,NA,NA,NA,NA,NA,Y,Y,Y,TRUE,TRUE,TRUE,NA,primary,acs_INM,NA,01;02;04;05;06;08;09;10;11;12;13;15;16;17;18;19;20;21;22;23;24;25;26;27;28;29;30;31;32;33;34;35;36;37;38;39;40;41;42;44;45;46;47;48;49;50;51;53;54;55;56;72,52,3228,52,19592,2019-12-31,2024-12-31
acs_INN,acs5,1,census,direct,social_determinants_of_health,economic_stability,percent,NA,0-1,Year,NA,NA,NA,NA,NA,NA,NA,NA,Y,Y,Y,TRUE,TRUE,TRUE,NA,primary,acs_INN,NA,01;02;04;05;06;08;09;10;11;12;13;15;16;17;18;19;20;21;22;23;24;25;26;27;28;29;30;31;32;33;34;35;36;37;38;39;40;41;42;44;45;46;47;48;49;50;51;53;54;55;56;72,52,3228,52,19592,2019-12-31,2024-12-31
acs_INO,acs5,1,census,direct,social_determinants_of_health,economic_stability,percent,NA,0-1,Year,NA,NA,NA,NA,NA,NA,NA,NA,Y,Y,Y,TRUE,TRUE,TRUE,NA,primary,acs_INO,NA,01;02;04;05;06;08;09;10;11;12;13;15;16;17;18;19;20;21;22;23;24;25;26;27;28;29;30;31;32;33;34;35;36;37;38;39;40;41;42;44;45;46;47;48;49;50;51;53;54;55;56;72,52,3228,52,19592,2019-12-31,2024-12-31
acs_INP,acs5,1,census,direct,social_determinants_of_health,economic_stability,percent,NA,0-1,Year,NA,NA,NA,NA,NA,NA,NA,NA,Y,Y,Y,TRUE,TRUE,TRUE,NA,primary,acs_INP,NA,01;02;04;05;06;08;09;10;11;12;13;15;16;17;18;19;20;21;22;23;24;25;26;27;28;29;30;31;32;33;34;35;36;37;38;39;40;41;42;44;45;46;47;48;49;50;51;53;54;55;56;72,52,3228,52,19592,2019-12-31,2024-12-31
acs_INQ,acs5,1,census,direct,social_determinants_of_health,economic_stability,percent,NA,0-1,Year,NA,NA,NA,NA,NA,NA,NA,NA,Y,Y,Y,TRUE,TRUE,TRUE,NA,primary,acs_INQ,NA,01;02;04;05;06;08;09;10;11;12;13;15;16;17;18;19;20;21;22;23;24;25;26;27;28;29;30;31;32;33;34;35;36;37;38;39;40;41;42;44;45;46;47;48;49;50;51;53;54;55;56;72,52,3228,52,19592,2019-12-31,2024-12-31
acs_LEQ,acs5,1,census,direct,social_determinants_of_health,education_access_and_quality,percent,NA,0-1,Year,NA,NA,NA,NA,NA,NA,NA,NA,Y,Y,Y,TRUE,TRUE,TRUE,NA,primary,acs_LEQ,NA,01;02;04;05;06;08;09;10;11;12;13;15;16;17;18;19;20;21;22;23;24;25;26;27;28;29;30;31;32;33;34;35;36;37;38;39;40;41;42;44;45;46;47;48;49;50;51;53;54;55;56;72,52,3231,52,19646,2019-12-31,2024-12-31
acs_MCD,acs5,1,census,direct,social_determinants_of_health,health_care_access_and_quality,percent,NA,0-1,Year,NA,NA,NA,NA,NA,NA,NA,NA,Y,Y,Y,TRUE,TRUE,TRUE,NA,primary,acs_MCD,NA,01;02;04;05;06;08;09;10;11;12;13;15;16;17;18;19;20;21;22;23;24;25;26;27;28;29;30;31;32;33;34;35;36;37;38;39;40;41;42;44;45;46;47;48;49;50;51;53;54;55;56;72,52,3231,52,19646,2019-12-31,2024-12-31
acs_MCR,acs5,1,census,direct,social_determinants_of_health,health_care_access_and_quality,percent,NA,0-1,Year,NA,NA,NA,NA,NA,NA,NA,NA,Y,Y,Y,TRUE,TRUE,TRUE,NA,primary,acs_MCR,NA,01;02;04;05;06;08;09;10;11;12;13;15;16;17;18;19;20;21;22;23;24;25;26;27;28;29;30;31;32;33;34;35;36;37;38;39;40;41;42;44;45;46;47;48;49;50;51;53;54;55;56;72,52,3231,52,19646,2019-12-31,2024-12-31
acs_OWS,acs5,1,census,direct,social_determinants_of_health,economic_stability,number,Ratio,NA,Year,NA,NA,NA,NA,NA,NA,NA,NA,Y,Y,Y,TRUE,TRUE,TRUE,NA,primary,acs_OWS,NA,01;02;04;05;06;08;09;10;11;12;13;15;16;17;18;19;20;21;22;23;24;25;26;27;28;29;30;31;32;33;34;35;36;37;38;39;40;41;42;44;45;46;47;48;49;50;51;53;54;55;56;72,52,3228,52,19592,2019-12-31,2024-12-31
acs_PCI,acs5,1,census,direct,social_determinants_of_health,economic_stability,dollars,NA,NA,Year,NA,NA,NA,NA,NA,NA,NA,NA,Y,Y,Y,TRUE,TRUE,TRUE,NA,primary,acs_PCI,NA,01;02;04;05;06;08;09;10;11;12;13;15;16;17;18;19;20;21;22;23;24;25;26;27;28;29;30;31;32;33;34;35;36;37;38;39;40;41;42;44;45;46;47;48;49;50;51;53;54;55;56;72,52,3231,52,19646,2019-12-31,2024-12-31
acs_PCT_A,acs5,1,census,direct,population_demographics,NA,percent,NA,0-1,Year,NA,NA,NA,NA,NA,NA,NA,NA,Y,Y,Y,TRUE,TRUE,TRUE,NA,primary,acs_PCT_A,NA,01;02;04;05;06;08;09;10;11;12;13;15;16;17;18;19;20;21;22;23;24;25;26;27;28;29;30;31;32;33;34;35;36;37;38;39;40;41;42;44;45;46;47;48;49;50;51;53;54;55;56;72,52,3231,52,19646,2019-12-31,2024-12-31
acs_PCT_B,acs5,1,census,direct,population_demographics,NA,percent,NA,0-1,Year,NA,NA,NA,NA,NA,NA,NA,NA,Y,Y,Y,TRUE,TRUE,TRUE,NA,primary,acs_PCT_B,NA,01;02;04;05;06;08;09;10;11;12;13;15;16;17;18;19;20;21;22;23;24;25;26;27;28;29;30;31;32;33;34;35;36;37;38;39;40;41;42;44;45;46;47;48;49;50;51;53;54;55;56;72,52,3231,52,19646,2019-12-31,2024-12-31
acs_PCT_F,acs5,1,census,direct,population_demographics,NA,percent,NA,0-1,Year,NA,NA,NA,NA,NA,NA,NA,NA,Y,Y,Y,TRUE,TRUE,TRUE,NA,primary,acs_PCT_F,NA,01;02;04;05;06;08;09;10;11;12;13;15;16;17;18;19;20;21;22;23;24;25;26;27;28;29;30;31;32;33;34;35;36;37;38;39;40;41;42;44;45;46;47;48;49;50;51;53;54;55;56;72,52,3231,52,19646,2019-12-31,2024-12-31
acs_PCT_H,acs5,1,census,direct,population_demographics,NA,percent,NA,0-1,Year,NA,NA,NA,NA,NA,NA,NA,NA,Y,Y,Y,TRUE,TRUE,TRUE,NA,primary,acs_PCT_H,NA,01;02;04;05;06;08;09;10;11;12;13;15;16;17;18;19;20;21;22;23;24;25;26;27;28;29;30;31;32;33;34;35;36;37;38;39;40;41;42;44;45;46;47;48;49;50;51;53;54;55;56;72,52,3231,52,19646,2019-12-31,2024-12-31
acs_PCT_I,acs5,1,census,direct,population_demographics,NA,percent,NA,0-1,Year,NA,NA,NA,NA,NA,NA,NA,NA,Y,Y,Y,TRUE,TRUE,TRUE,NA,primary,acs_PCT_I,NA,01;02;04;05;06;08;09;10;11;12;13;15;16;17;18;19;20;21;22;23;24;25;26;27;28;29;30;31;32;33;34;35;36;37;38;39;40;41;42;44;45;46;47;48;49;50;51;53;54;55;56;72,52,3231,52,19646,2019-12-31,2024-12-31
acs_PCT_J,acs5,1,census,direct,population_demographics,NA,percent,NA,0-1,Year,NA,NA,NA,NA,NA,NA,NA,NA,Y,Y,Y,TRUE,TRUE,TRUE,NA,primary,acs_PCT_J,NA,01;02;04;05;06;08;09;10;11;12;13;15;16;17;18;19;20;21;22;23;24;25;26;27;28;29;30;31;32;33;34;35;36;37;38;39;40;41;42;44;45;46;47;48;49;50;51;53;54;55;56;72,52,3231,52,19646,2019-12-31,2024-12-31
acs_PCT_M,acs5,1,census,direct,population_demographics,NA,percent,NA,0-1,Year,NA,NA,NA,NA,NA,NA,NA,NA,Y,Y,Y,TRUE,TRUE,TRUE,NA,primary,acs_PCT_M,NA,01;02;04;05;06;08;09;10;11;12;13;15;16;17;18;19;20;21;22;23;24;25;26;27;28;29;30;31;32;33;34;35;36;37;38;39;40;41;42;44;45;46;47;48;49;50;51;53;54;55;56;72,52,3231,52,19646,2019-12-31,2024-12-31
acs_PCT_O,acs5,1,census,direct,population_demographics,NA,percent,NA,0-1,Year,NA,NA,NA,NA,NA,NA,NA,NA,Y,Y,Y,TRUE,TRUE,TRUE,NA,primary,acs_PCT_O,NA,01;02;04;05;06;08;09;10;11;12;13;15;16;17;18;19;20;21;22;23;24;25;26;27;28;29;30;31;32;33;34;35;36;37;38;39;40;41;42;44;45;46;47;48;49;50;51;53;54;55;56;72,52,3231,52,19646,2019-12-31,2024-12-31
acs_PCT_P,acs5,1,census,direct,population_demographics,NA,percent,NA,0-1,Year,NA,NA,NA,NA,NA,NA,NA,NA,Y,Y,Y,TRUE,TRUE,TRUE,NA,primary,acs_PCT_P,NA,01;02;04;05;06;08;09;10;11;12;13;15;16;17;18;19;20;21;22;23;24;25;26;27;28;29;30;31;32;33;34;35;36;37;38;39;40;41;42;44;45;46;47;48;49;50;51;53;54;55;56;72,52,3231,52,19646,2019-12-31,2024-12-31
acs_PCT_P1,acs5,1,census,direct,population_demographics,NA,percent,NA,0-1,Year,NA,NA,NA,NA,NA,NA,NA,NA,Y,Y,Y,TRUE,TRUE,TRUE,NA,primary,acs_PCT_P1,NA,01;02;04;05;06;08;09;10;11;12;13;15;16;17;18;19;20;21;22;23;24;25;26;27;28;29;30;31;32;33;34;35;36;37;38;39;40;41;42;44;45;46;47;48;49;50;51;53;54;55;56;72,52,3231,52,19646,2019-12-31,2024-12-31
acs_PCT_Q,acs5,1,census,direct,population_demographics,NA,percent,NA,0-1,Year,NA,NA,NA,NA,NA,NA,NA,NA,Y,Y,Y,TRUE,TRUE,TRUE,NA,primary,acs_PCT_Q,NA,01;02;04;05;06;08;09;10;11;12;13;15;16;17;18;19;20;21;22;23;24;25;26;27;28;29;30;31;32;33;34;35;36;37;38;39;40;41;42;44;45;46;47;48;49;50;51;53;54;55;56;72,52,3231,52,19646,2019-12-31,2024-12-31
acs_PCT_S,acs5,1,census,direct,population_demographics,NA,percent,NA,0-1,Year,NA,NA,NA,NA,NA,NA,NA,NA,Y,Y,Y,TRUE,TRUE,TRUE,NA,primary,acs_PCT_S,NA,01;02;04;05;06;08;09;10;11;12;13;15;16;17;18;19;20;21;22;23;24;25;26;27;28;29;30;31;32;33;34;35;36;37;38;39;40;41;42;44;45;46;47;48;49;50;51;53;54;55;56;72,52,3231,52,19646,2019-12-31,2024-12-31
acs_PCT_W,acs5,1,census,direct,population_demographics,NA,percent,NA,0-1,Year,NA,NA,NA,NA,NA,NA,NA,NA,Y,Y,Y,TRUE,TRUE,TRUE,NA,primary,acs_PCT_W,NA,01;02;04;05;06;08;09;10;11;12;13;15;16;17;18;19;20;21;22;23;24;25;26;27;28;29;30;31;32;33;34;35;36;37;38;39;40;41;42;44;45;46;47;48;49;50;51;53;54;55;56;72,52,3231,52,19646,2019-12-31,2024-12-31
acs_PCT_Y,acs5,1,census,direct,population_demographics,NA,percent,NA,0-1,Year,NA,NA,NA,NA,NA,NA,NA,NA,Y,Y,Y,TRUE,TRUE,TRUE,NA,primary,acs_PCT_Y,NA,01;02;04;05;06;08;09;10;11;12;13;15;16;17;18;19;20;21;22;23;24;25;26;27;28;29;30;31;32;33;34;35;36;37;38;39;40;41;42;44;45;46;47;48;49;50;51;53;54;55;56;72,52,3231,52,19646,2019-12-31,2024-12-31
acs_POP,acs5,1,census,direct,population_demographics,NA,number,Persons,NA,Year,NA,NA,NA,NA,NA,NA,NA,NA,Y,Y,Y,TRUE,TRUE,TRUE,NA,primary,population_total,"ACS 5-year survey-based estimate -- methodologically distinct from the PEP-based pair above (rolling 5-year survey vs. an annual administrative estimate), consistently close but never bit-identical to them (checked CT 2023-2024)",01;02;04;05;06;08;09;10;11;12;13;15;16;17;18;19;20;21;22;23;24;25;26;27;28;29;30;31;32;33;34;35;36;37;38;39;40;41;42;44;45;46;47;48;49;50;51;53;54;55;56;72,52,3231,52,19646,2019-12-31,2024-12-31
acs_POP_A,acs5,1,census,direct,population_demographics,NA,number,Persons,NA,Year,NA,NA,NA,NA,NA,NA,NA,NA,Y,Y,Y,TRUE,TRUE,TRUE,NA,primary,acs_POP_A,NA,01;02;04;05;06;08;09;10;11;12;13;15;16;17;18;19;20;21;22;23;24;25;26;27;28;29;30;31;32;33;34;35;36;37;38;39;40;41;42;44;45;46;47;48;49;50;51;53;54;55;56;72,52,3231,52,19646,2019-12-31,2024-12-31
acs_POP_B,acs5,1,census,direct,population_demographics,NA,number,Persons,NA,Year,NA,NA,NA,NA,NA,NA,NA,NA,Y,Y,Y,TRUE,TRUE,TRUE,NA,primary,acs_POP_B,NA,01;02;04;05;06;08;09;10;11;12;13;15;16;17;18;19;20;21;22;23;24;25;26;27;28;29;30;31;32;33;34;35;36;37;38;39;40;41;42;44;45;46;47;48;49;50;51;53;54;55;56;72,52,3231,52,19646,2019-12-31,2024-12-31
acs_POP_F,acs5,1,census,direct,population_demographics,NA,number,Persons,NA,Year,NA,NA,NA,NA,NA,NA,NA,NA,Y,Y,Y,TRUE,TRUE,TRUE,NA,primary,acs_POP_F,NA,01;02;04;05;06;08;09;10;11;12;13;15;16;17;18;19;20;21;22;23;24;25;26;27;28;29;30;31;32;33;34;35;36;37;38;39;40;41;42;44;45;46;47;48;49;50;51;53;54;55;56;72,52,3231,52,19646,2019-12-31,2024-12-31
acs_POP_H,acs5,1,census,direct,population_demographics,NA,number,Persons,NA,Year,NA,NA,NA,NA,NA,NA,NA,NA,Y,Y,Y,TRUE,TRUE,TRUE,NA,primary,acs_POP_H,NA,01;02;04;05;06;08;09;10;11;12;13;15;16;17;18;19;20;21;22;23;24;25;26;27;28;29;30;31;32;33;34;35;36;37;38;39;40;41;42;44;45;46;47;48;49;50;51;53;54;55;56;72,52,3231,52,19646,2019-12-31,2024-12-31
acs_POP_I,acs5,1,census,direct,population_demographics,NA,number,Persons,NA,Year,NA,NA,NA,NA,NA,NA,NA,NA,Y,Y,Y,TRUE,TRUE,TRUE,NA,primary,acs_POP_I,NA,01;02;04;05;06;08;09;10;11;12;13;15;16;17;18;19;20;21;22;23;24;25;26;27;28;29;30;31;32;33;34;35;36;37;38;39;40;41;42;44;45;46;47;48;49;50;51;53;54;55;56;72,52,3231,52,19646,2019-12-31,2024-12-31
acs_POP_J,acs5,1,census,direct,population_demographics,NA,number,Persons,NA,Year,NA,NA,NA,NA,NA,NA,NA,NA,Y,Y,Y,TRUE,TRUE,TRUE,NA,primary,acs_POP_J,NA,01;02;04;05;06;08;09;10;11;12;13;15;16;17;18;19;20;21;22;23;24;25;26;27;28;29;30;31;32;33;34;35;36;37;38;39;40;41;42;44;45;46;47;48;49;50;51;53;54;55;56;72,52,3231,52,19646,2019-12-31,2024-12-31
acs_POP_M,acs5,1,census,direct,population_demographics,NA,number,Persons,NA,Year,NA,NA,NA,NA,NA,NA,NA,NA,Y,Y,Y,TRUE,TRUE,TRUE,NA,primary,acs_POP_M,NA,01;02;04;05;06;08;09;10;11;12;13;15;16;17;18;19;20;21;22;23;24;25;26;27;28;29;30;31;32;33;34;35;36;37;38;39;40;41;42;44;45;46;47;48;49;50;51;53;54;55;56;72,52,3231,52,19646,2019-12-31,2024-12-31
acs_POP_O,acs5,1,census,direct,population_demographics,NA,number,Persons,NA,Year,NA,NA,NA,NA,NA,NA,NA,NA,Y,Y,Y,TRUE,TRUE,TRUE,NA,primary,acs_POP_O,NA,01;02;04;05;06;08;09;10;11;12;13;15;16;17;18;19;20;21;22;23;24;25;26;27;28;29;30;31;32;33;34;35;36;37;38;39;40;41;42;44;45;46;47;48;49;50;51;53;54;55;56;72,52,3231,52,19646,2019-12-31,2024-12-31
acs_POP_P,acs5,1,census,direct,population_demographics,NA,number,Persons,NA,Year,NA,NA,NA,NA,NA,NA,NA,NA,Y,Y,Y,TRUE,TRUE,TRUE,NA,primary,acs_POP_P,NA,01;02;04;05;06;08;09;10;11;12;13;15;16;17;18;19;20;21;22;23;24;25;26;27;28;29;30;31;32;33;34;35;36;37;38;39;40;41;42;44;45;46;47;48;49;50;51;53;54;55;56;72,52,3231,52,19646,2019-12-31,2024-12-31
acs_POP_P1,acs5,1,census,direct,population_demographics,NA,number,Persons,NA,Year,NA,NA,NA,NA,NA,NA,NA,NA,Y,Y,Y,TRUE,TRUE,TRUE,NA,primary,acs_POP_P1,NA,01;02;04;05;06;08;09;10;11;12;13;15;16;17;18;19;20;21;22;23;24;25;26;27;28;29;30;31;32;33;34;35;36;37;38;39;40;41;42;44;45;46;47;48;49;50;51;53;54;55;56;72,52,3231,52,19646,2019-12-31,2024-12-31
acs_POP_Q,acs5,1,census,direct,population_demographics,NA,number,Persons,NA,Year,NA,NA,NA,NA,NA,NA,NA,NA,Y,Y,Y,TRUE,TRUE,TRUE,NA,primary,acs_POP_Q,NA,01;02;04;05;06;08;09;10;11;12;13;15;16;17;18;19;20;21;22;23;24;25;26;27;28;29;30;31;32;33;34;35;36;37;38;39;40;41;42;44;45;46;47;48;49;50;51;53;54;55;56;72,52,3231,52,19646,2019-12-31,2024-12-31
acs_POP_S,acs5,1,census,direct,population_demographics,NA,number,Persons,NA,Year,NA,NA,NA,NA,NA,NA,NA,NA,Y,Y,Y,TRUE,TRUE,TRUE,NA,primary,acs_POP_S,NA,01;02;04;05;06;08;09;10;11;12;13;15;16;17;18;19;20;21;22;23;24;25;26;27;28;29;30;31;32;33;34;35;36;37;38;39;40;41;42;44;45;46;47;48;49;50;51;53;54;55;56;72,52,3231,52,19646,2019-12-31,2024-12-31
acs_POP_W,acs5,1,census,direct,population_demographics,NA,number,Persons,NA,Year,NA,NA,NA,NA,NA,NA,NA,NA,Y,Y,Y,TRUE,TRUE,TRUE,NA,primary,acs_POP_W,NA,01;02;04;05;06;08;09;10;11;12;13;15;16;17;18;19;20;21;22;23;24;25;26;27;28;29;30;31;32;33;34;35;36;37;38;39;40;41;42;44;45;46;47;48;49;50;51;53;54;55;56;72,52,3231,52,19646,2019-12-31,2024-12-31
acs_POP_Y,acs5,1,census,direct,population_demographics,NA,number,Persons,NA,Year,NA,NA,NA,NA,NA,NA,NA,NA,Y,Y,Y,TRUE,TRUE,TRUE,NA,primary,acs_POP_Y,NA,01;02;04;05;06;08;09;10;11;12;13;15;16;17;18;19;20;21;22;23;24;25;26;27;28;29;30;31;32;33;34;35;36;37;38;39;40;41;42;44;45;46;47;48;49;50;51;53;54;55;56;72,52,3231,52,19646,2019-12-31,2024-12-31
acs_POV,acs5,1,census,direct,social_determinants_of_health,economic_stability,percent,NA,0-1,Year,NA,NA,NA,NA,NA,NA,NA,NA,Y,Y,Y,TRUE,TRUE,TRUE,NA,primary,acs_POV,NA,01;02;04;05;06;08;09;10;11;12;13;15;16;17;18;19;20;21;22;23;24;25;26;27;28;29;30;31;32;33;34;35;36;37;38;39;40;41;42;44;45;46;47;48;49;50;51;53;54;55;56;72,52,3231,52,19646,2019-12-31,2024-12-31
acs_PUB,acs5,1,census,direct,social_determinants_of_health,neighborhood_and_built_environment,percent,NA,0-1,Year,NA,NA,NA,NA,NA,NA,NA,NA,Y,Y,Y,TRUE,TRUE,TRUE,NA,primary,acs_PUB,NA,01;02;04;05;06;08;09;10;11;12;13;15;16;17;18;19;20;21;22;23;24;25;26;27;28;29;30;31;32;33;34;35;36;37;38;39;40;41;42;44;45;46;47;48;49;50;51;53;54;55;56;72,52,3231,52,19646,2019-12-31,2024-12-31
acs_PVA,acs5,1,census,direct,social_determinants_of_health,economic_stability,percent,NA,0-1,Year,NA,NA,NA,NA,NA,NA,NA,NA,Y,Y,Y,TRUE,TRUE,TRUE,NA,primary,acs_PVA,NA,01;02;04;05;06;08;09;10;11;12;13;15;16;17;18;19;20;21;22;23;24;25;26;27;28;29;30;31;32;33;34;35;36;37;38;39;40;41;42;44;45;46;47;48;49;50;51;53;54;55;56;72,52,3231,52,19646,2019-12-31,2024-12-31
acs_PVB,acs5,1,census,direct,social_determinants_of_health,economic_stability,percent,NA,0-1,Year,NA,NA,NA,NA,NA,NA,NA,NA,Y,Y,Y,TRUE,TRUE,TRUE,NA,primary,acs_PVB,NA,01;02;04;05;06;08;09;10;11;12;13;15;16;17;18;19;20;21;22;23;24;25;26;27;28;29;30;31;32;33;34;35;36;37;38;39;40;41;42;44;45;46;47;48;49;50;51;53;54;55;56;72,52,3231,52,19646,2019-12-31,2024-12-31
acs_PVC,acs5,1,census,direct,social_determinants_of_health,economic_stability,percent,NA,0-1,Year,NA,NA,NA,NA,NA,NA,NA,NA,Y,Y,Y,TRUE,TRUE,TRUE,NA,primary,acs_PVC,NA,01;02;04;05;06;08;09;10;11;12;13;15;16;17;18;19;20;21;22;23;24;25;26;27;28;29;30;31;32;33;34;35;36;37;38;39;40;41;42;44;45;46;47;48;49;50;51;53;54;55;56;72,52,3231,52,19646,2019-12-31,2024-12-31
acs_REX,acs5,1,census,direct,population_demographics,NA,number,Index (0-1),NA,Year,NA,NA,NA,NA,NA,NA,NA,NA,Y,Y,Y,TRUE,TRUE,TRUE,NA,primary,acs_REX,NA,01;02;04;05;06;08;09;10;11;12;13;15;16;17;18;19;20;21;22;23;24;25;26;27;28;29;30;31;32;33;34;35;36;37;38;39;40;41;42;44;45;46;47;48;49;50;51;53;54;55;56;72,52,3231,52,19646,2019-12-31,2024-12-31
acs_SNP,acs5,1,census,direct,preventive_care,nutrition_and_exercise,percent,NA,0-1,Year,NA,NA,NA,NA,NA,NA,NA,NA,Y,Y,Y,TRUE,TRUE,TRUE,NA,primary,acs_SNP,NA,01;02;04;05;06;08;09;10;11;12;13;15;16;17;18;19;20;21;22;23;24;25;26;27;28;29;30;31;32;33;34;35;36;37;38;39;40;41;42;44;45;46;47;48;49;50;51;53;54;55;56;72,52,3231,52,19646,2019-12-31,2024-12-31
acs_UMP,acs5,1,census,direct,social_determinants_of_health,economic_stability,percent,NA,0-1,Year,NA,NA,NA,NA,NA,NA,NA,NA,Y,Y,Y,TRUE,TRUE,TRUE,NA,primary,acs_UMP,NA,01;02;04;05;06;08;09;10;11;12;13;15;16;17;18;19;20;21;22;23;24;25;26;27;28;29;30;31;32;33;34;35;36;37;38;39;40;41;42;44;45;46;47;48;49;50;51;53;54;55;56;72,52,3231,52,19646,2019-12-31,2024-12-31
acs_UNS,acs5,1,census,direct,social_determinants_of_health,health_care_access_and_quality,percent,NA,0-1,Year,NA,NA,NA,NA,NA,NA,NA,NA,Y,Y,Y,TRUE,TRUE,TRUE,NA,primary,acs_UNS,NA,01;02;04;05;06;08;09;10;11;12;13;15;16;17;18;19;20;21;22;23;24;25;26;27;28;29;30;31;32;33;34;35;36;37;38;39;40;41;42;44;45;46;47;48;49;50;51;53;54;55;56;72,52,3231,52,19646,2019-12-31,2024-12-31
acs_VAL,acs5,1,census,direct,population_demographics,NA,dollars,NA,NA,Year,NA,NA,NA,NA,NA,NA,NA,NA,Y,Y,Y,TRUE,TRUE,TRUE,NA,primary,acs_VAL,NA,01;02;04;05;06;08;09;10;11;12;13;15;16;17;18;19;20;21;22;23;24;25;26;27;28;29;30;31;32;33;34;35;36;37;38;39;40;41;42;44;45;46;47;48;49;50;51;53;54;55;56;72,52,3230,52,19622,2019-12-31,2024-12-31
acs_WWN,acs5,1,census,direct,social_determinants_of_health,neighborhood_and_built_environment,percent,NA,0-1,Year,NA,NA,NA,NA,NA,NA,NA,NA,Y,Y,Y,TRUE,TRUE,TRUE,NA,primary,acs_WWN,NA,01;02;04;05;06;08;09;10;11;12;13;15;16;17;18;19;20;21;22;23;24;25;26;27;28;29;30;31;32;33;34;35;36;37;38;39;40;41;42;44;45;46;47;48;49;50;51;53;54;55;56;72,52,3231,52,19646,2019-12-31,2024-12-31
ahrf_critical_access_hosp,ahrf,1,area_health_resource_file,ahrf,social_determinants_of_health,health_care_access_and_quality,number,Critical access hospitals,NA,Year,NA,NA,NA,NA,NA,2005,2025,"Area Health Resources Files (AHRF) 2005-2025. US Department of Health and Human Services, Health Resources and Services Administration, Bureau of Health Workforce, Rockville, MD.",Y,Y,Y,TRUE,TRUE,TRUE,NA,primary,ahrf_critical_access_hosp,NA,01;02;04;05;06;08;09;10;11;12;13;15;16;17;18;19;20;21;22;23;24;25;26;27;28;29;30;31;32;33;34;35;36;37;38;39;40;41;42;44;45;46;47;48;49;50;51;53;54;55;56;66;72;78,54,3233,54,62302,2005-12-31,2025-12-31
ahrf_dentists,ahrf,1,area_health_resource_file,ahrf,social_determinants_of_health,health_care_access_and_quality,number,Dentists,NA,Year,NA,NA,NA,NA,NA,2011,2025,"Area Health Resources Files (AHRF) 2011-2025. US Department of Health and Human Services, Health Resources and Services Administration, Bureau of Health Workforce, Rockville, MD.",Y,Y,Y,TRUE,TRUE,TRUE,NA,primary,ahrf_dentists,NA,01;02;04;05;06;08;09;10;11;12;13;15;16;17;18;19;20;21;22;23;24;25;26;27;28;29;30;31;32;33;34;35;36;37;38;39;40;41;42;44;45;46;47;48;49;50;51;53;54;55;56;66;72;78,54,3239,54,45917,2011-12-31,2025-12-31
ahrf_ed_per_1k_medicare,ahrf,1,area_health_resource_file,ahrf,social_determinants_of_health,health_care_access_and_quality,number,"ED visits per 1,000 Medicare FFS beneficiaries",NA,Year,NA,NA,NA,NA,NA,2014,2025,"Area Health Resources Files (AHRF) 2014-2025. US Department of Health and Human Services, Health Resources and Services Administration, Bureau of Health Workforce, Rockville, MD.",Y,Y,Y,TRUE,TRUE,TRUE,NA,primary,ahrf_ed_per_1k_medicare,NA,01;02;04;05;06;08;09;10;11;12;13;15;16;17;18;19;20;21;22;23;24;25;26;27;28;29;30;31;32;33;34;35;36;37;38;39;40;41;42;44;45;46;47;48;49;50;51;53;54;55;56,51,3159,52,38274,2014-12-31,2025-12-31
ahrf_good_air_pct,ahrf,1,area_health_resource_file,ahrf,environmental_health,air_and_water_quality,percent,NA,0-100,Year,NA,NA,NA,NA,NA,2012,2025,"Area Health Resources Files (AHRF) 2012-2025. US Department of Health and Human Services, Health Resources and Services Administration, Bureau of Health Workforce, Rockville, MD.",Y,Y,Y,TRUE,TRUE,TRUE,NA,primary,ahrf_good_air_pct,NA,01;02;04;05;06;08;09;10;11;12;13;15;16;17;18;19;20;21;22;23;24;25;26;27;28;29;30;31;32;33;34;35;36;37;38;39;40;41;42;44;45;46;47;48;49;50;51;53;54;55;56;66;72,53,3226,54,15152,2012-12-31,2025-12-31
ahrf_hospitals,ahrf,1,area_health_resource_file,ahrf,social_determinants_of_health,health_care_access_and_quality,number,Hospitals,NA,Year,NA,NA,NA,NA,NA,1999,2025,"Area Health Resources Files (AHRF) 1999-2025. US Department of Health and Human Services, Health Resources and Services Administration, Bureau of Health Workforce, Rockville, MD.",Y,Y,Y,TRUE,TRUE,TRUE,NA,primary,ahrf_hospitals,NA,01;02;04;05;06;08;09;10;11;12;13;15;16;17;18;19;20;21;22;23;24;25;26;27;28;29;30;31;32;33;34;35;36;37;38;39;40;41;42;44;45;46;47;48;49;50;51;53;54;55;56;66;72;78,54,3235,54,81671,1999-12-31,2025-12-31
ahrf_hpsa_dental,ahrf,1,area_health_resource_file,ahrf,social_determinants_of_health,health_care_access_and_quality,number,"Designation code (0=none, 1=whole county, 2=partial county)",NA,Year,NA,NA,NA,NA,NA,1999,2025,"Area Health Resources Files (AHRF) 1999-2025. US Department of Health and Human Services, Health Resources and Services Administration, Bureau of Health Workforce, Rockville, MD.",Y,Y,Y,FALSE,FALSE,TRUE,expected_national_absent,primary,ahrf_hpsa_dental,NA,NA,NA,3233,54,77073,1999-12-31,2025-12-31
ahrf_hpsa_mental_health,ahrf,1,area_health_resource_file,ahrf,social_determinants_of_health,health_care_access_and_quality,number,"Designation code (0=none, 1=whole county, 2=partial county)",NA,Year,NA,NA,NA,NA,NA,1999,2025,"Area Health Resources Files (AHRF) 1999-2025. US Department of Health and Human Services, Health Resources and Services Administration, Bureau of Health Workforce, Rockville, MD.",Y,Y,Y,FALSE,FALSE,TRUE,expected_national_absent,primary,ahrf_hpsa_mental_health,NA,NA,NA,3233,54,77076,1999-12-31,2025-12-31
ahrf_hpsa_prim_care,ahrf,1,area_health_resource_file,ahrf,social_determinants_of_health,health_care_access_and_quality,number,"Designation code (0=none, 1=whole county, 2=partial county)",NA,Year,NA,NA,NA,NA,NA,1999,2025,"Area Health Resources Files (AHRF) 1999-2025. US Department of Health and Human Services, Health Resources and Services Administration, Bureau of Health Workforce, Rockville, MD.",Y,Y,Y,FALSE,FALSE,TRUE,expected_national_absent,primary,ahrf_hpsa_prim_care,NA,NA,NA,3233,54,77073,1999-12-31,2025-12-31
ahrf_md_all,ahrf,1,area_health_resource_file,ahrf,social_determinants_of_health,health_care_access_and_quality,number,Physicians,NA,Year,NA,NA,NA,NA,NA,1999,2025,"Area Health Resources Files (AHRF) 1999-2025. US Department of Health and Human Services, Health Resources and Services Administration, Bureau of Health Workforce, Rockville, MD.",Y,Y,Y,TRUE,TRUE,TRUE,NA,primary,ahrf_md_all,NA,01;02;04;05;06;08;09;10;11;12;13;15;16;17;18;19;20;21;22;23;24;25;26;27;28;29;30;31;32;33;34;35;36;37;38;39;40;41;42;44;45;46;47;48;49;50;51;53;54;55;56;66;72;78,54,3235,54,81677,1999-12-31,2025-12-31
ahrf_medicare_per_capita,ahrf,1,area_health_resource_file,ahrf,social_determinants_of_health,health_care_access_and_quality,dollars,Per Medicare FFS enrollee,NA,Year,NA,NA,NA,NA,NA,2014,2025,"Area Health Resources Files (AHRF) 2014-2025. US Department of Health and Human Services, Health Resources and Services Administration, Bureau of Health Workforce, Rockville, MD.",Y,Y,Y,TRUE,TRUE,TRUE,NA,primary,ahrf_medicare_per_capita,NA,01;02;04;05;06;08;09;10;11;12;13;15;16;17;18;19;20;21;22;23;24;25;26;27;28;29;30;31;32;33;34;35;36;37;38;39;40;41;42;44;45;46;47;48;49;50;51;53;54;55;56,51,3159,52,38285,2014-12-31,2025-12-31
ahrf_pcp,ahrf,1,area_health_resource_file,ahrf,social_determinants_of_health,health_care_access_and_quality,number,Physicians,NA,Year,NA,NA,NA,NA,NA,2011,2025,"Area Health Resources Files (AHRF) 2011-2025. US Department of Health and Human Services, Health Resources and Services Administration, Bureau of Health Workforce, Rockville, MD.",Y,Y,Y,TRUE,TRUE,TRUE,NA,primary,ahrf_pcp,NA,01;02;04;05;06;08;09;10;11;12;13;15;16;17;18;19;20;21;22;23;24;25;26;27;28;29;30;31;32;33;34;35;36;37;38;39;40;41;42;44;45;46;47;48;49;50;51;53;54;55;56;66;72;78,54,3230,54,45915,2011-12-31,2025-12-31
ahrf_pm25,ahrf,1,area_health_resource_file,ahrf,environmental_health,air_and_water_quality,number,μg/m³,NA,Year,NA,NA,NA,NA,NA,2012,2025,"Area Health Resources Files (AHRF) 2012-2025. US Department of Health and Human Services, Health Resources and Services Administration, Bureau of Health Workforce, Rockville, MD.",Y,Y,Y,TRUE,TRUE,TRUE,NA,primary,ahrf_pm25,NA,01;02;04;05;06;08;09;10;11;12;13;15;16;17;18;19;20;21;22;23;24;25;26;27;28;29;30;31;32;33;34;35;36;37;38;39;40;41;42;44;45;46;47;48;49;50;51;53;54;55;56;66;72,53,3227,54,31698,2012-12-31,2025-12-31
ahrf_pop_density,ahrf,1,area_health_resource_file,ahrf,population_demographics,NA,number,Persons per square mile,NA,Year,NA,NA,NA,NA,NA,2003,2025,"Area Health Resources Files (AHRF) 2003-2025. US Department of Health and Human Services, Health Resources and Services Administration, Bureau of Health Workforce, Rockville, MD.",Y,Y,Y,TRUE,TRUE,TRUE,NA,primary,ahrf_pop_density,NA,01;02;04;05;06;08;09;10;11;12;13;15;16;17;18;19;20;21;22;23;24;25;26;27;28;29;30;31;32;33;34;35;36;37;38;39;40;41;42;44;45;46;47;48;49;50;51;53;54;55;56;66;72,53,3233,54,68832,2003-12-31,2025-12-31
ahrf_population,ahrf,1,area_health_resource_file,ahrf,population_demographics,NA,number,Persons,NA,Year,NA,NA,NA,NA,NA,1999,2025,"Area Health Resources Files (AHRF) 1999-2025. US Department of Health and Human Services, Health Resources and Services Administration, Bureau of Health Workforce, Rockville, MD.",Y,Y,Y,TRUE,TRUE,TRUE,NA,primary,population_total,"Census PEP annual estimate, via AHRF -- bit-identical to chr_population from 2023 on (checked CT 2023-2025); diverged 2011-2022, when AHRF was carrying a less-frequently-refreshed vintage",01;02;04;05;06;08;09;10;11;12;13;15;16;17;18;19;20;21;22;23;24;25;26;27;28;29;30;31;32;33;34;35;36;37;38;39;40;41;42;44;45;46;47;48;49;50;51;53;54;55;56;66;72;78,54,3235,54,81297,1999-12-31,2025-12-31
ahrf_psych,ahrf,1,area_health_resource_file,ahrf,social_determinants_of_health,health_care_access_and_quality,number,Psychiatrists,NA,Year,NA,NA,NA,NA,NA,1999,2025,"Area Health Resources Files (AHRF) 1999-2025. US Department of Health and Human Services, Health Resources and Services Administration, Bureau of Health Workforce, Rockville, MD.",Y,Y,Y,TRUE,TRUE,TRUE,NA,primary,ahrf_psych,NA,01;02;04;05;06;08;09;10;11;12;13;15;16;17;18;19;20;21;22;23;24;25;26;27;28;29;30;31;32;33;34;35;36;37;38;39;40;41;42;44;45;46;47;48;49;50;51;53;54;55;56;66;72;78,54,3235,54,71996,1999-12-31,2025-12-31
ahrf_rural_urban_code,ahrf,1,area_health_resource_file,ahrf,social_determinants_of_health,neighborhood_and_built_environment,number,"Code 1–9 (1=large metro, 9=most rural)",NA,Year,NA,NA,NA,NA,NA,1999,2025,"Area Health Resources Files (AHRF) 1999-2025. US Department of Health and Human Services, Health Resources and Services Administration, Bureau of Health Workforce, Rockville, MD.",Y,Y,Y,FALSE,FALSE,TRUE,expected_national_absent,primary,ahrf_rural_urban_code,NA,NA,NA,3243,54,78504,1999-12-31,2025-12-31
bls_pct_unemployment,bls_laus,1,bls_laus,direct,social_determinants_of_health,economic_stability,percent,NA,0-1,Year,NA,NA,NA,NA,NA,NA,NA,NA,Y,Y,Y,TRUE,TRUE,TRUE,NA,primary,unemployment_rate,"the same BLS LAUS series pulled directly -- close but not bit-identical to chr_unemployment (checked CT 2025: 0.0376 vs. 0.04), most likely a different LAUS release vintage",01;02;04;05;06;08;09;10;11;12;13;15;16;17;18;19;20;21;22;23;24;25;26;27;28;29;30;31;32;33;34;35;36;37;38;39;40;41;42;44;45;46;47;48;49;50;51;53;54;55;56;72,52,3221,52,3274,2025-12-31,2025-12-31
brfss_diabetes,brfss,1,bundle_chronic_diseases,direct,chronic_disease,cardiovascular_metabolic,percent,NA,0-100,Year,NA,NA,NA,NA,NA,NA,NA,NA,Y,Y,Y,TRUE,TRUE,FALSE,expected_county_absent,primary,diabetes_prevalence,"direct BRFSS self-report survey tabulation -- consistently ~1-2 percentage points HIGHER than the PLACES model estimate every year checked (CT 2018-2022), a systematic gap, not noise",01;02;04;05;06;08;09;10;11;12;13;15;16;17;18;19;20;21;22;23;24;25;26;27;28;29;30;31;32;33;34;35;36;37;38;39;40;41;42;44;45;46;47;48;49;50;51;53;54;55;56;66;72,53,NA,NA,375,2018-12-31,2024-12-31
brfss_obesity,brfss,1,bundle_chronic_diseases,direct,chronic_disease,cardiovascular_metabolic,percent,NA,0-100,Year,NA,NA,NA,NA,NA,NA,NA,NA,Y,Y,Y,TRUE,TRUE,FALSE,expected_county_absent,primary,brfss_obesity,NA,01;02;04;05;06;08;09;10;11;12;13;15;16;17;18;19;20;21;22;23;24;25;26;27;28;29;30;31;32;33;34;35;36;37;38;39;40;41;42;44;45;46;47;48;49;50;51;53;54;55;56;66;72,53,NA,NA,375,2018-12-31,2024-12-31
census_ur_pct_urban_hu,census_ua_county,1,census,direct,social_determinants_of_health,neighborhood_and_built_environment,percent,NA,0-1,Year,NA,NA,NA,NA,NA,NA,NA,NA,Y,Y,Y,FALSE,FALSE,TRUE,expected_national_absent,primary,census_ur_pct_urban_hu,NA,NA,NA,3221,52,19300,2019-12-31,2024-12-31
census_ur_pct_urban_land,census_ua_county,1,census,direct,social_determinants_of_health,neighborhood_and_built_environment,percent,NA,0-1,Year,NA,NA,NA,NA,NA,NA,NA,NA,Y,Y,Y,FALSE,FALSE,TRUE,expected_national_absent,primary,census_ur_pct_urban_land,NA,NA,NA,3221,52,19300,2019-12-31,2024-12-31
census_ur_pct_urban_pop,census_ua_county,1,census,direct,social_determinants_of_health,neighborhood_and_built_environment,percent,NA,0-1,Year,NA,NA,NA,NA,NA,NA,NA,NA,Y,Y,Y,FALSE,FALSE,TRUE,expected_national_absent,primary,census_ur_pct_urban_pop,NA,NA,NA,3221,52,19300,2019-12-31,2024-12-31
chr_65_and_older,chr; census_pep,2,county_health_rankings,chr,population_demographics,NA,percent,NA,0-1,Year,2023,2023,2023,2025,2,2011,2025,University of Wisconsin Population Health Institute. County Health Rankings & Roadmaps 2025. www.countyhealthrankings.org.,Y,Y,Y,TRUE,TRUE,TRUE,NA,primary,chr_65_and_older,NA,01;02;04;05;06;08;09;10;11;12;13;15;16;17;18;19;20;21;22;23;24;25;26;27;28;29;30;31;32;33;34;35;36;37;38;39;40;41;42;44;45;46;47;48;49;50;51;53;54;55;56,51,3159,51,47894,2011-12-31,2025-12-31
chr_access_to_exercise_opportunities,chr; esri_tiger_ymca,2,county_health_rankings,chr,preventive_care,nutrition_and_exercise,percent,NA,0-1,Year,"2024, 2022",2022,2024,2025,3,2014,2025,University of Wisconsin Population Health Institute. County Health Rankings & Roadmaps 2025. www.countyhealthrankings.org.,Y,Y,Y,TRUE,TRUE,TRUE,NA,primary,chr_access_to_exercise_opportunities,NA,01;02;04;05;06;08;09;10;11;12;13;15;16;17;18;19;20;21;22;23;24;25;26;27;28;29;30;31;32;33;34;35;36;37;38;39;40;41;42;44;45;46;47;48;49;50;51;53;54;55;56,51,3159,51,37884,2014-12-31,2025-12-31
chr_access_to_healthy_foods,chr; census_cbp,2,county_health_rankings,chr,preventive_care,nutrition_and_exercise,percent,NA,0-1,Year,2009,2009,2009,2012,3,2010,2012,University of Wisconsin Population Health Institute. County Health Rankings & Roadmaps 2012. www.countyhealthrankings.org.,Y,Y,Y,TRUE,TRUE,TRUE,NA,primary,chr_access_to_healthy_foods,NA,01;02;04;05;06;08;09;10;11;12;13;15;16;17;18;19;20;21;22;23;24;25;26;27;28;29;30;31;32;33;34;35;36;37;38;39;40;41;42;44;45;46;47;48;49;50;51;53;54;55;56,51,3141,51,9525,2010-12-31,2012-12-31
chr_access_to_parks,chr; esri_tiger_ymca,2,county_health_rankings,chr,social_determinants_of_health,neighborhood_and_built_environment,percent,NA,0-1,Year,2024 & 2020,2020,2024,2025,5,2013,2025,University of Wisconsin Population Health Institute. County Health Rankings & Roadmaps 2025. www.countyhealthrankings.org.,Y,Y,Y,TRUE,TRUE,TRUE,NA,primary,chr_access_to_parks,NA,01;02;04;05;06;08;09;10;11;12;13;15;16;17;18;19;20;21;22;23;24;25;26;27;28;29;30;31;32;33;34;35;36;37;38;39;40;41;42;44;45;46;47;48;49;50;51;53;54;55;56,51,3081,51,5740,2013-12-31,2025-12-31
chr_access_to_recreational_facilities,chr; census_cbp,2,county_health_rankings,chr,preventive_care,nutrition_and_exercise,number,"Per 100,000 population",NA,Year,2010,2010,2010,2013,3,2011,2013,University of Wisconsin Population Health Institute. County Health Rankings & Roadmaps 2013. www.countyhealthrankings.org.,Y,Y,Y,TRUE,TRUE,TRUE,NA,primary,chr_access_to_recreational_facilities,NA,01;02;04;05;06;08;09;10;11;12;13;15;16;17;18;19;20;21;22;23;24;25;26;27;28;29;30;31;32;33;34;35;36;37;38;39;40;41;42;44;45;46;47;48;49;50;51;53;54;55;56,51,3141,51,9578,2011-12-31,2013-12-31
chr_adequate_social_emotional_support_fl,chr; brfss,2,county_health_rankings,chr,mental_health,NA,percent,NA,0-1,Year,NA,NA,NA,NA,NA,2011,2011,University of Wisconsin Population Health Institute. County Health Rankings & Roadmaps 2011. www.countyhealthrankings.org.,N-A,N-A,conditional,FALSE,FALSE,TRUE,NA,primary,chr_adequate_social_emotional_support_fl,NA,NA,NA,67,1,67,2011-12-31,2011-12-31
chr_adult_obesity,chr; brfss,2,county_health_rankings,chr,preventive_care,nutrition_and_exercise,percent,NA,0-1,Year,2022,2022,2022,2025,3,2010,2025,University of Wisconsin Population Health Institute. County Health Rankings & Roadmaps 2025. www.countyhealthrankings.org.,Y,Y,Y,TRUE,TRUE,TRUE,NA,primary,chr_adult_obesity,NA,01;02;04;05;06;08;09;10;11;12;13;15;16;17;18;19;20;21;22;23;24;25;26;27;28;29;30;31;32;33;34;35;36;37;38;39;40;41;42;44;45;46;47;48;49;50;51;53;54;55;56,51,3159,51,51089,2010-12-31,2025-12-31
chr_adult_smoking,chr; brfss,2,county_health_rankings,chr,substance_abuse,tobacco_use,percent,NA,0-1,Year,2022,2022,2022,2025,3,2010,2025,University of Wisconsin Population Health Institute. County Health Rankings & Roadmaps 2025. www.countyhealthrankings.org.,Y,Y,Y,TRUE,TRUE,TRUE,NA,primary,chr_adult_smoking,NA,01;02;04;05;06;08;09;10;11;12;13;15;16;17;18;19;20;21;22;23;24;25;26;27;28;29;30;31;32;33;34;35;36;37;38;39;40;41;42;44;45;46;47;48;49;50;51;53;54;55;56,51,3159,51,47640,2010-12-31,2025-12-31
chr_adult_smoking_fl,chr; brfss,2,county_health_rankings,chr,substance_abuse,tobacco_use,percent,NA,0-1,Year,NA,NA,NA,NA,NA,2011,2011,University of Wisconsin Population Health Institute. County Health Rankings & Roadmaps 2011. www.countyhealthrankings.org.,N-A,N-A,conditional,FALSE,FALSE,TRUE,NA,primary,chr_adult_smoking_fl,NA,NA,NA,67,1,67,2011-12-31,2011-12-31
chr_adult_smoking_ny,chr; brfss,2,county_health_rankings,chr,substance_abuse,tobacco_use,percent,NA,0-1,Year,NA,NA,NA,NA,NA,2011,2011,University of Wisconsin Population Health Institute. County Health Rankings & Roadmaps 2011. www.countyhealthrankings.org.,N-A,N-A,conditional,FALSE,FALSE,TRUE,NA,primary,chr_adult_smoking_ny,NA,NA,NA,57,1,57,2011-12-31,2011-12-31
chr_adults_engaging_in_moderate_physical_activity_fl,chr; brfss,2,county_health_rankings,chr,preventive_care,nutrition_and_exercise,percent,NA,0-1,Year,NA,NA,NA,NA,NA,2011,2011,University of Wisconsin Population Health Institute. County Health Rankings & Roadmaps 2011. www.countyhealthrankings.org.,N-A,N-A,conditional,FALSE,FALSE,TRUE,NA,primary,chr_adults_engaging_in_moderate_physical_activity_fl,NA,NA,NA,67,1,67,2011-12-31,2011-12-31
chr_adults_who_have_a_personal_doctor_fl,chr; brfss,2,county_health_rankings,chr,social_determinants_of_health,health_care_access_and_quality,percent,NA,0-1,Year,NA,NA,NA,NA,NA,2011,2011,University of Wisconsin Population Health Institute. County Health Rankings & Roadmaps 2011. www.countyhealthrankings.org.,N-A,N-A,conditional,FALSE,FALSE,TRUE,NA,primary,chr_adults_who_have_a_personal_doctor_fl,NA,NA,NA,67,1,67,2011-12-31,2011-12-31
chr_adverse_climate_events,chr; noaa_fema,2,county_health_rankings,chr,environmental_health,other_environmental_hazards,number,Count of thresholds met,NA,Year,2019-2023,2019,2023,2025,6,2025,2025,University of Wisconsin Population Health Institute. County Health Rankings & Roadmaps 2025. www.countyhealthrankings.org.,Y,Y,Y,FALSE,TRUE,TRUE,expected_national_absent,primary,chr_adverse_climate_events,NA,11,1,3143,51,3144,2025-12-31,2025-12-31
chr_air_pollution_ozone_days,chr; cdc_epht,2,county_health_rankings,chr,environmental_health,air_and_water_quality,number,Days,NA,Year,2007,2007,2007,2012,5,2010,2012,University of Wisconsin Population Health Institute. County Health Rankings & Roadmaps 2012. www.countyhealthrankings.org.,Y,Y,Y,TRUE,TRUE,TRUE,NA,primary,chr_air_pollution_ozone_days,NA,01;04;05;06;08;09;10;11;12;13;16;17;18;19;20;21;22;23;24;25;26;27;28;29;30;31;32;33;34;35;36;37;38;39;40;41;42;44;45;46;47;48;49;50;51;53;54;55;56,49,3109,49,9477,2010-12-31,2012-12-31
chr_air_pollution_particulate_matter,chr; cdc_epht,2,county_health_rankings,chr,environmental_health,air_and_water_quality,number,Micrograms per cubic meter,NA,Year,2020,2020,2020,2025,5,2013,2025,University of Wisconsin Population Health Institute. County Health Rankings & Roadmaps 2025. www.countyhealthrankings.org.,Y,Y,Y,TRUE,TRUE,TRUE,NA,primary,chr_air_pollution_particulate_matter,NA,01;02;04;05;06;08;09;10;11;12;13;15;16;17;18;19;20;21;22;23;24;25;26;27;28;29;30;31;32;33;34;35;36;37;38;39;40;41;42;44;45;46;47;48;49;50;51;53;54;55;56,51,3118,51,41041,2013-12-31,2025-12-31
chr_air_pollution_particulate_matter_days,chr; cdc_epht,2,county_health_rankings,chr,environmental_health,air_and_water_quality,number,Days,NA,Year,2007,2007,2007,2012,5,2010,2012,University of Wisconsin Population Health Institute. County Health Rankings & Roadmaps 2012. www.countyhealthrankings.org.,Y,Y,Y,TRUE,TRUE,TRUE,NA,primary,chr_air_pollution_particulate_matter_days,NA,01;04;05;06;08;09;10;11;12;13;16;17;18;19;20;21;22;23;24;25;26;27;28;29;30;31;32;33;34;35;36;37;38;39;40;41;42;44;45;46;47;48;49;50;51;53;54;55;56,49,3109,49,9477,2010-12-31,2012-12-31
chr_alcohol_impaired_driving_deaths,chr; nhtsa_fars,2,county_health_rankings,chr,substance_abuse,alcohol_use,percent,NA,0-1,Year,2018-2022,2018,2022,2025,7,2014,2025,University of Wisconsin Population Health Institute. County Health Rankings & Roadmaps 2025. www.countyhealthrankings.org.,Y,Y,Y,TRUE,TRUE,TRUE,NA,primary,chr_alcohol_impaired_driving_deaths,NA,01;02;04;05;06;08;09;10;11;12;13;15;16;17;18;19;20;21;22;23;24;25;26;27;28;29;30;31;32;33;34;35;36;37;38;39;40;41;42;44;45;46;47;48;49;50;51;53;54;55;56,51,3140,51,37996,2014-12-31,2025-12-31
chr_alcohol_related_hospitalizations,chr,1,county_health_rankings,chr,substance_abuse,alcohol_use,number,"Per 1,000 population",NA,Year,2016,2016,2016,2020,4,2013,2020,University of Wisconsin Population Health Institute. County Health Rankings & Roadmaps 2020. www.countyhealthrankings.org.,Y,Y,Y,FALSE,FALSE,TRUE,expected_national_absent,primary,chr_alcohol_related_hospitalizations,NA,NA,NA,8,1,13,2013-12-31,2019-12-31
chr_american_indian_or_alaska_native,chr; census_pep,2,county_health_rankings,chr,population_demographics,NA,percent,NA,0-1,Year,2023,2023,2023,2025,2,2011,2025,University of Wisconsin Population Health Institute. County Health Rankings & Roadmaps 2025. www.countyhealthrankings.org.,Y,Y,Y,TRUE,TRUE,TRUE,NA,primary,chr_american_indian_or_alaska_native,NA,01;02;04;05;06;08;09;10;11;12;13;15;16;17;18;19;20;21;22;23;24;25;26;27;28;29;30;31;32;33;34;35;36;37;38;39;40;41;42;44;45;46;47;48;49;50;51;53;54;55;56,51,3159,51,47894,2011-12-31,2025-12-31
chr_asian,chr; census_pep,2,county_health_rankings,chr,population_demographics,NA,percent,NA,0-1,Year,2023,2023,2023,2025,2,2011,2025,University of Wisconsin Population Health Institute. County Health Rankings & Roadmaps 2025. www.countyhealthrankings.org.,Y,Y,Y,TRUE,TRUE,TRUE,NA,primary,chr_asian,NA,01;02;04;05;06;08;09;10;11;12;13;15;16;17;18;19;20;21;22;23;24;25;26;27;28;29;30;31;32;33;34;35;36;37;38;39;40;41;42;44;45;46;47;48;49;50;51;53;54;55;56,51,3159,51,47894,2011-12-31,2025-12-31
chr_below_18_years_of_age,chr; census_pep,2,county_health_rankings,chr,population_demographics,NA,percent,NA,0-1,Year,2023,2023,2023,2025,2,2011,2025,University of Wisconsin Population Health Institute. County Health Rankings & Roadmaps 2025. www.countyhealthrankings.org.,Y,Y,Y,TRUE,TRUE,TRUE,NA,primary,chr_below_18_years_of_age,NA,01;02;04;05;06;08;09;10;11;12;13;15;16;17;18;19;20;21;22;23;24;25;26;27;28;29;30;31;32;33;34;35;36;37;38;39;40;41;42;44;45;46;47;48;49;50;51;53;54;55;56,51,3159,51,47894,2011-12-31,2025-12-31
chr_binge_drinking,chr; brfss,2,county_health_rankings,chr,substance_abuse,alcohol_use,percent,NA,0-1,Year,2003-2009,2003,2009,2011,8,2010,2011,University of Wisconsin Population Health Institute. County Health Rankings & Roadmaps 2011. www.countyhealthrankings.org.,Y,Y,Y,TRUE,TRUE,TRUE,NA,primary,chr_binge_drinking,NA,01;02;04;05;06;08;09;10;11;12;13;15;16;17;18;19;20;21;22;23;24;25;26;27;28;29;30;31;32;33;34;35;36;37;38;39;40;41;42;44;45;46;47;48;49;50;51;53;54;55;56,51,2666,51,5318,2010-12-31,2011-12-31
chr_binge_drinking_ny,chr; brfss,2,county_health_rankings,chr,substance_abuse,alcohol_use,percent,NA,0-1,Year,NA,NA,NA,NA,NA,2011,2011,University of Wisconsin Population Health Institute. County Health Rankings & Roadmaps 2011. www.countyhealthrankings.org.,N-A,N-A,conditional,FALSE,FALSE,TRUE,NA,primary,chr_binge_drinking_ny,NA,NA,NA,57,1,57,2011-12-31,2011-12-31
chr_broadband_access,chr; acs,2,county_health_rankings,chr,social_determinants_of_health,neighborhood_and_built_environment,percent,NA,0-1,Year,2019-2023,2019,2023,2025,6,2021,2025,University of Wisconsin Population Health Institute. County Health Rankings & Roadmaps 2025. www.countyhealthrankings.org.,Y,Y,Y,TRUE,TRUE,TRUE,NA,primary,chr_broadband_access,NA,01;02;04;05;06;08;09;10;11;12;13;15;16;17;18;19;20;21;22;23;24;25;26;27;28;29;30;31;32;33;34;35;36;37;38;39;40;41;42;44;45;46;47;48;49;50;51;53;54;55;56,51,3153,51,15973,2021-12-31,2025-12-31
chr_census_participation,chr; census_oqm,2,county_health_rankings,chr,social_determinants_of_health,social_and_community_context,percent,NA,0-1,Year,2020,2020,2020,2025,5,2023,2025,University of Wisconsin Population Health Institute. County Health Rankings & Roadmaps 2025. www.countyhealthrankings.org.,Y,Y,Y,TRUE,TRUE,TRUE,NA,primary,chr_census_participation,NA,11,1,3140,51,9426,2023-12-31,2025-12-31
chr_child_abuse,chr,1,county_health_rankings,chr,injury_and_violence,NA,number,"Per 1,000 population",NA,Year,2018,2018,2018,2020,2,2013,2020,University of Wisconsin Population Health Institute. County Health Rankings & Roadmaps 2020. www.countyhealthrankings.org.,Y,Y,Y,FALSE,FALSE,TRUE,expected_national_absent,primary,chr_child_abuse,NA,NA,NA,3,1,3,2016-12-31,2019-12-31
chr_child_care_centers,chr; hifld,2,county_health_rankings,chr,social_determinants_of_health,social_and_community_context,number,"Per 1,000 children under 5",NA,Year,2010-2022,2010,2022,2025,15,2022,2025,University of Wisconsin Population Health Institute. County Health Rankings & Roadmaps 2025. www.countyhealthrankings.org.,Y,Y,Y,TRUE,TRUE,TRUE,NA,primary,chr_child_care_centers,NA,01;02;04;05;06;08;09;10;11;12;13;15;16;17;18;19;20;21;22;23;24;25;26;27;28;29;30;31;32;33;34;35;36;37;38;39;40;41;42;44;45;46;47;48;49;50;51;53;54;55;56,51,3021,51,12151,2022-12-31,2025-12-31
chr_child_care_cost_burden,chr; living_wage_institute,2,county_health_rankings,chr,social_determinants_of_health,economic_stability,percent,NA,0-1,Year,2024 & 2023,2023,2024,2025,2,2022,2025,University of Wisconsin Population Health Institute. County Health Rankings & Roadmaps 2025. www.countyhealthrankings.org.,Y,Y,Y,TRUE,TRUE,TRUE,NA,primary,chr_child_care_cost_burden,NA,01;02;04;05;06;08;09;10;11;12;13;15;16;17;18;19;20;21;22;23;24;25;26;27;28;29;30;31;32;33;34;35;36;37;38;39;40;41;42;44;45;46;47;48;49;50;51;53;54;55;56,51,3142,51,12771,2022-12-31,2025-12-31
chr_child_mortality,chr; nchs,2,county_health_rankings,chr,maternal_and_infant_health,NA,number,"Per 100,000 population",NA,Year,2019-2022,2019,2022,2025,6,2013,2025,University of Wisconsin Population Health Institute. County Health Rankings & Roadmaps 2025. www.countyhealthrankings.org.,Y,Y,Y,TRUE,TRUE,TRUE,NA,primary,chr_child_mortality,NA,01;02;04;05;06;08;09;10;11;12;13;15;16;17;18;19;20;21;22;23;24;25;26;27;28;29;30;31;32;33;34;35;36;37;38;39;40;41;42;44;45;46;47;48;49;50;51;53;54;55;56,51,2396,51,26215,2013-12-31,2025-12-31
chr_children_eligible_for_free_or_reduced_price_lunch,chr; nces,2,county_health_rankings,chr,social_determinants_of_health,social_and_community_context,percent,NA,0-1,Year,2022-2023,2022,2023,2025,3,2011,2025,University of Wisconsin Population Health Institute. County Health Rankings & Roadmaps 2025. www.countyhealthrankings.org.,Y,Y,Y,TRUE,TRUE,TRUE,NA,primary,chr_children_eligible_for_free_or_reduced_price_lunch,NA,01;02;04;05;06;08;09;10;11;12;13;15;16;17;18;19;20;21;22;23;24;25;26;27;28;29;30;31;32;33;34;35;36;37;38;39;40;41;42;44;45;46;47;48;49;50;51;53;54;55;56,51,3155,51,45574,2011-12-31,2025-12-31
chr_children_in_poverty,chr; census_saipe,2,county_health_rankings,chr,social_determinants_of_health,economic_stability,percent,NA,0-1,Year,2023 & 2019,2019,2023,2025,6,2010,2025,University of Wisconsin Population Health Institute. County Health Rankings & Roadmaps 2025. www.countyhealthrankings.org.,Y,Y,Y,TRUE,TRUE,TRUE,NA,primary,chr_children_in_poverty,NA,01;02;04;05;06;08;09;10;11;12;13;15;16;17;18;19;20;21;22;23;24;25;26;27;28;29;30;31;32;33;34;35;36;37;38;39;40;41;42;44;45;46;47;48;49;50;51;53;54;55;56,51,3158,51,51077,2010-12-31,2025-12-31
chr_children_in_single_parent_households,chr; acs,2,county_health_rankings,chr,social_determinants_of_health,social_and_community_context,percent,NA,0-1,Year,2019-2023,2019,2023,2025,6,2011,2025,University of Wisconsin Population Health Institute. County Health Rankings & Roadmaps 2025. www.countyhealthrankings.org.,Y,Y,Y,TRUE,TRUE,TRUE,NA,primary,chr_children_in_single_parent_households,NA,01;02;04;05;06;08;09;10;11;12;13;15;16;17;18;19;20;21;22;23;24;25;26;27;28;29;30;31;32;33;34;35;36;37;38;39;40;41;42;44;45;46;47;48;49;50;51;53;54;55;56,51,3158,51,47874,2011-12-31,2025-12-31
chr_college_degrees,chr; acs,2,county_health_rankings,chr,social_determinants_of_health,education_access_and_quality,percent,NA,0-1,Year,NA,NA,NA,NA,NA,2010,2010,University of Wisconsin Population Health Institute. County Health Rankings & Roadmaps 2010. www.countyhealthrankings.org.,Y,Y,Y,TRUE,TRUE,TRUE,NA,primary,chr_college_degrees,NA,01;02;04;05;06;08;09;10;11;12;13;15;16;17;18;19;20;21;22;23;24;25;26;27;28;29;30;31;32;33;34;35;36;37;38;39;40;41;42;44;45;46;47;48;49;50;51;53;54;55;56,51,3140,51,3192,2010-12-31,2010-12-31
chr_contaminants_in_municipal_water_wi,chr,1,county_health_rankings,chr,environmental_health,air_and_water_quality,percent,NA,0-1,Year,2010,2010,2010,2012,2,2010,2012,University of Wisconsin Population Health Institute. County Health Rankings & Roadmaps 2012. www.countyhealthrankings.org.,N-A,N-A,conditional,FALSE,FALSE,TRUE,NA,primary,chr_contaminants_in_municipal_water_wi,NA,NA,NA,42,1,77,2010-12-31,2012-12-31
chr_could_not_see_doctor_due_to_cost,chr; brfss,2,county_health_rankings,chr,social_determinants_of_health,health_care_access_and_quality,percent,NA,0-1,Year,2006-2012,2006,2012,2015,9,2012,2015,University of Wisconsin Population Health Institute. County Health Rankings & Roadmaps 2015. www.countyhealthrankings.org.,Y,Y,Y,TRUE,TRUE,TRUE,NA,primary,chr_could_not_see_doctor_due_to_cost,NA,01;02;04;05;06;08;09;10;11;12;13;15;16;17;18;19;20;21;22;23;24;25;26;27;28;29;30;31;32;33;34;35;36;37;38;39;40;41;42;44;45;46;47;48;49;50;51;53;54;55;56,51,2819,51,10309,2012-12-31,2015-12-31
chr_covid_19_age_adjusted_mortality,chr; nchs,2,county_health_rankings,chr,infectious_disease,NA,number,"Per 100,000 population",NA,Year,2020,2020,2020,2022,2,2022,2022,University of Wisconsin Population Health Institute. County Health Rankings & Roadmaps 2022. www.countyhealthrankings.org.,Y,Y,Y,TRUE,TRUE,TRUE,NA,primary,chr_covid_19_age_adjusted_mortality,NA,01;02;04;05;06;08;09;10;11;12;13;15;16;17;18;19;20;21;22;23;24;25;26;27;28;29;30;31;32;33;34;35;36;37;38;39;40;41;42;44;45;46;47;48;49;50;51;53;54;55;56,51,2564,51,2616,2022-12-31,2022-12-31
chr_dental_visit_within_the_past_year_ny,chr; brfss,2,county_health_rankings,chr,social_determinants_of_health,health_care_access_and_quality,percent,NA,0-1,Year,NA,NA,NA,NA,NA,2011,2011,University of Wisconsin Population Health Institute. County Health Rankings & Roadmaps 2011. www.countyhealthrankings.org.,N-A,N-A,conditional,FALSE,FALSE,TRUE,NA,primary,chr_dental_visit_within_the_past_year_ny,NA,NA,NA,57,1,57,2011-12-31,2011-12-31
chr_dentists,chr; cms_nppes,2,county_health_rankings,chr,social_determinants_of_health,health_care_access_and_quality,number,Population per dentist,NA,Year,2022,2022,2022,2025,3,2012,2025,University of Wisconsin Population Health Institute. County Health Rankings & Roadmaps 2025. www.countyhealthrankings.org.,Y,Y,Y,TRUE,TRUE,TRUE,NA,primary,chr_dentists,NA,01;02;04;05;06;08;09;10;11;12;13;15;16;17;18;19;20;21;22;23;24;25;26;27;28;29;30;31;32;33;34;35;36;37;38;39;40;41;42;44;45;46;47;48;49;50;51;53;54;55;56,51,2977,51,41461,2012-12-31,2025-12-31
chr_diabetes_monitoring,chr; dartmouth_atlas,2,county_health_rankings,chr,preventive_care,clinical_screenings,percent,NA,0-1,Year,2014,2014,2014,2018,4,2010,2018,University of Wisconsin Population Health Institute. County Health Rankings & Roadmaps 2018. www.countyhealthrankings.org.,Y,Y,Y,TRUE,TRUE,TRUE,NA,primary,chr_diabetes_monitoring,NA,01;02;04;05;06;08;09;10;11;12;13;15;16;17;18;19;20;21;22;23;24;25;26;27;28;29;30;31;32;33;34;35;36;37;38;39;40;41;42;44;45;46;47;48;49;50;51;53;54;55;56,51,3122,51,28159,2010-12-31,2018-12-31
chr_diabetes_prevalence,chr; brfss,2,county_health_rankings,chr,chronic_disease,cardiovascular_metabolic,percent,NA,0-1,Year,2022,2022,2022,2025,3,2011,2025,University of Wisconsin Population Health Institute. County Health Rankings & Roadmaps 2025. www.countyhealthrankings.org.,Y,Y,Y,TRUE,TRUE,TRUE,NA,primary,diabetes_prevalence,"CDC PLACES small-area MODEL estimate (multilevel regression + poststratification), not a direct survey tabulation",01;02;04;05;06;08;09;10;11;12;13;15;16;17;18;19;20;21;22;23;24;25;26;27;28;29;30;31;32;33;34;35;36;37;38;39;40;41;42;44;45;46;47;48;49;50;51;53;54;55;56,51,3159,51,47892,2011-12-31,2025-12-31
chr_did_not_get_needed_health_care,chr,1,county_health_rankings,chr,social_determinants_of_health,health_care_access_and_quality,percent,NA,0-1,Year,"2012, 2014,",2012,2014,2018,6,2010,2018,University of Wisconsin Population Health Institute. County Health Rankings & Roadmaps 2018. www.countyhealthrankings.org.,Y,Y,Y,FALSE,FALSE,TRUE,expected_national_absent,primary,chr_did_not_get_needed_health_care,NA,NA,NA,24,1,47,2010-12-31,2016-12-31
chr_disability_functional_limitations,chr; brfss,2,county_health_rankings,chr,population_demographics,NA,percent,NA,0-1,Year,2022,2022,2022,2025,3,2025,2025,University of Wisconsin Population Health Institute. County Health Rankings & Roadmaps 2025. www.countyhealthrankings.org.,Y,Y,Y,TRUE,TRUE,TRUE,NA,primary,chr_disability_functional_limitations,NA,01;02;04;05;06;08;09;10;11;12;13;15;16;17;18;19;20;21;22;23;24;25;26;27;28;29;30;31;32;33;34;35;36;37;38;39;40;41;42;44;45;46;47;48;49;50;51;53;54;55;56,51,3144,51,3196,2025-12-31,2025-12-31
chr_disconnected_youth,chr; acs,2,county_health_rankings,chr,social_determinants_of_health,education_access_and_quality,percent,NA,0-1,Year,2019-2023,2019,2023,2025,6,2017,2025,University of Wisconsin Population Health Institute. County Health Rankings & Roadmaps 2025. www.countyhealthrankings.org.,Y,Y,Y,TRUE,TRUE,TRUE,NA,primary,chr_disconnected_youth,NA,01;02;04;05;06;08;09;10;11;12;13;15;16;17;18;19;20;21;22;23;24;25;26;27;28;29;30;31;32;33;34;35;36;37;38;39;40;41;42;44;45;46;47;48;49;50;51;53;54;55;56,51,2282,51,13425,2017-12-31,2025-12-31
chr_drinking_water_violations,chr; epa_sdwis,2,county_health_rankings,chr,environmental_health,air_and_water_quality,number,NA,NA,Year,2023,2023,2023,2025,2,2013,2025,University of Wisconsin Population Health Institute. County Health Rankings & Roadmaps 2025. www.countyhealthrankings.org.,Y,Y,Y,TRUE,TRUE,TRUE,NA,primary,chr_drinking_water_violations,NA,01;02;04;05;06;08;09;10;11;12;13;16;17;18;19;20;21;22;23;24;25;26;27;28;29;30;31;32;33;34;35;36;37;38;39;40;41;42;44;45;46;47;48;49;50;51;53;54;55;56,50,3113,50,40834,2013-12-31,2025-12-31
chr_driving_alone_to_work,chr; acs,2,county_health_rankings,chr,social_determinants_of_health,neighborhood_and_built_environment,percent,NA,0-1,Year,2019-2023,2019,2023,2025,6,2011,2025,University of Wisconsin Population Health Institute. County Health Rankings & Roadmaps 2025. www.countyhealthrankings.org.,Y,Y,Y,TRUE,TRUE,TRUE,NA,primary,chr_driving_alone_to_work,NA,01;02;04;05;06;08;09;10;11;12;13;15;16;17;18;19;20;21;22;23;24;25;26;27;28;29;30;31;32;33;34;35;36;37;38;39;40;41;42;44;45;46;47;48;49;50;51;53;54;55;56,51,3159,51,47893,2011-12-31,2025-12-31
chr_drug_arrests,chr,1,county_health_rankings,chr,substance_abuse,drug_use_and_overdose,number,NA,NA,Year,2018,2018,2018,2019,1,2013,2019,University of Wisconsin Population Health Institute. County Health Rankings & Roadmaps 2019. www.countyhealthrankings.org.,Y,Y,Y,FALSE,FALSE,TRUE,expected_national_absent,primary,chr_drug_arrests,NA,NA,NA,2,1,2,2013-12-31,2018-12-31
chr_drug_overdose_deaths,chr; nchs,2,county_health_rankings,chr,substance_abuse,drug_use_and_overdose,number,"Per 100,000 population",NA,Year,2020-2022,2020,2022,2025,5,2014,2025,University of Wisconsin Population Health Institute. County Health Rankings & Roadmaps 2025. www.countyhealthrankings.org.,Y,Y,Y,TRUE,TRUE,TRUE,NA,primary,drug_overdose_mortality,"direct-count rate from NCHS Multiple Cause of Death files (final, not VSRR)",01;02;04;05;06;08;09;10;11;12;13;15;16;17;18;19;20;21;22;23;24;25;26;27;28;29;30;31;32;33;34;35;36;37;38;39;40;41;42;44;45;46;47;48;49;50;51;53;54;55;56,51,2296,51,22284,2014-12-31,2025-12-31
chr_drug_overdose_deaths_modeled,chr; nchs,2,county_health_rankings,chr,substance_abuse,drug_use_and_overdose,number,"Per 100,000 population",NA,Year,2016,2016,2016,2018,2,2016,2018,University of Wisconsin Population Health Institute. County Health Rankings & Roadmaps 2018. www.countyhealthrankings.org.,Y,Y,Y,TRUE,TRUE,TRUE,NA,primary,drug_overdose_mortality,"SMALL-AREA MODELED estimate, not a direct rate -- CHR&R's own smoothed/regression estimate for counties too small to compute a stable direct rate; spans ~11 to ~33 per 100,000 nationally vs. the other four depending on year",01;02;04;05;06;08;09;10;11;12;13;15;16;17;18;19;20;21;22;23;24;25;26;27;28;29;30;31;32;33;34;35;36;37;38;39;40;41;42;44;45;46;47;48;49;50;51;53;54;55;56,51,3143,51,6378,2016-12-31,2018-12-31
chr_excessive_drinking,chr; brfss,2,county_health_rankings,chr,substance_abuse,alcohol_use,percent,NA,0-1,Year,2022,2022,2022,2025,3,2011,2025,University of Wisconsin Population Health Institute. County Health Rankings & Roadmaps 2025. www.countyhealthrankings.org.,Y,Y,Y,TRUE,TRUE,TRUE,NA,primary,chr_excessive_drinking,NA,01;02;04;05;06;08;09;10;11;12;13;15;16;17;18;19;20;21;22;23;24;25;26;27;28;29;30;31;32;33;34;35;36;37;38;39;40;41;42;44;45;46;47;48;49;50;51;53;54;55;56,51,3158,51,44447,2011-12-31,2025-12-31
chr_excessive_drinking_fl,chr; brfss,2,county_health_rankings,chr,substance_abuse,alcohol_use,percent,NA,0-1,Year,NA,NA,NA,NA,NA,2011,2011,University of Wisconsin Population Health Institute. County Health Rankings & Roadmaps 2011. www.countyhealthrankings.org.,N-A,N-A,conditional,FALSE,FALSE,TRUE,NA,primary,chr_excessive_drinking_fl,NA,NA,NA,67,1,67,2011-12-31,2011-12-31
chr_excessive_drinking_ny,chr; brfss,2,county_health_rankings,chr,substance_abuse,alcohol_use,percent,NA,0-1,Year,NA,NA,NA,NA,NA,2011,2011,University of Wisconsin Population Health Institute. County Health Rankings & Roadmaps 2011. www.countyhealthrankings.org.,N-A,N-A,conditional,FALSE,FALSE,TRUE,NA,primary,chr_excessive_drinking_ny,NA,NA,NA,57,1,57,2011-12-31,2011-12-31
chr_fair_or_poor_health_ny,chr; brfss,2,county_health_rankings,chr,overall_health_status_and_mortality,length_and_quality_of_life,percent,NA,0-1,Year,NA,NA,NA,NA,NA,2011,2011,University of Wisconsin Population Health Institute. County Health Rankings & Roadmaps 2011. www.countyhealthrankings.org.,N-A,N-A,conditional,FALSE,FALSE,TRUE,NA,primary,chr_fair_or_poor_health_ny,NA,NA,NA,57,1,57,2011-12-31,2011-12-31
chr_fast_food_restaurants,chr; census_cbp,2,county_health_rankings,chr,preventive_care,nutrition_and_exercise,percent,NA,0-1,Year,2010,2010,2010,2013,3,2012,2013,University of Wisconsin Population Health Institute. County Health Rankings & Roadmaps 2013. www.countyhealthrankings.org.,Y,Y,Y,TRUE,TRUE,TRUE,NA,primary,chr_fast_food_restaurants,NA,01;02;04;05;06;08;09;10;11;12;13;15;16;17;18;19;20;21;22;23;24;25;26;27;28;29;30;31;32;33;34;35;36;37;38;39;40;41;42;44;45;46;47;48;49;50;51;53;54;55;56,51,3115,51,6205,2012-12-31,2013-12-31
chr_feelings_of_loneliness,chr; brfss,2,county_health_rankings,chr,mental_health,NA,percent,NA,0-1,Year,2022,2022,2022,2025,3,2025,2025,University of Wisconsin Population Health Institute. County Health Rankings & Roadmaps 2025. www.countyhealthrankings.org.,Y,Y,Y,TRUE,TRUE,TRUE,NA,primary,chr_feelings_of_loneliness,NA,01;02;04;06;09;10;11;12;13;16;18;19;20;21;23;24;25;26;27;28;29;30;31;32;33;34;35;37;39;40;44;45;47;48;49;50;53;54;55;56,40,2417,40,2458,2025-12-31,2025-12-31
chr_female,chr; census_pep,2,county_health_rankings,chr,population_demographics,NA,percent,NA,0-1,Year,2023,2023,2023,2025,2,2011,2025,University of Wisconsin Population Health Institute. County Health Rankings & Roadmaps 2025. www.countyhealthrankings.org.,Y,Y,Y,TRUE,TRUE,TRUE,NA,primary,chr_female,NA,01;02;04;05;06;08;09;10;11;12;13;15;16;17;18;19;20;21;22;23;24;25;26;27;28;29;30;31;32;33;34;35;36;37;38;39;40;41;42;44;45;46;47;48;49;50;51;53;54;55;56,51,3159,51,47894,2011-12-31,2025-12-31
chr_firearm_fatalities,chr; nchs,2,county_health_rankings,chr,injury_and_violence,NA,number,"Per 100,000 population",NA,Year,2018-2022,2018,2022,2025,7,2017,2025,University of Wisconsin Population Health Institute. County Health Rankings & Roadmaps 2025. www.countyhealthrankings.org.,Y,Y,Y,TRUE,TRUE,TRUE,NA,primary,chr_firearm_fatalities,NA,01;02;04;05;06;08;09;10;11;12;13;15;16;17;18;19;20;21;22;23;24;25;26;27;28;29;30;31;32;33;34;35;36;37;38;39;40;41;42;44;45;46;47;48;49;50;51;53;54;55;56,51,2499,51,20618,2017-12-31,2025-12-31
chr_flu_vaccinations,chr; cms,2,county_health_rankings,chr,preventive_care,immunizations,percent,NA,0-1,Year,2022,2022,2022,2025,3,2019,2025,University of Wisconsin Population Health Institute. County Health Rankings & Roadmaps 2025. www.countyhealthrankings.org.,Y,Y,Y,TRUE,TRUE,TRUE,NA,primary,chr_flu_vaccinations,NA,01;02;04;05;06;08;09;10;11;12;13;15;16;17;18;19;20;21;22;23;24;25;26;27;28;29;30;31;32;33;34;35;36;37;38;39;40;41;42;44;45;46;47;48;49;50;51;53;54;55;56,51,3126,51,22232,2019-12-31,2025-12-31
chr_food_environment_index,chr; usda_fea,2,county_health_rankings,chr,preventive_care,nutrition_and_exercise,number,Index (0-10),NA,Year,2019 & 2022,2019,2022,2025,6,2014,2025,University of Wisconsin Population Health Institute. County Health Rankings & Roadmaps 2025. www.countyhealthrankings.org.,Y,Y,Y,TRUE,TRUE,TRUE,NA,primary,chr_food_environment_index,NA,01;02;04;05;06;08;09;10;11;12;13;15;16;17;18;19;20;21;22;23;24;25;26;27;28;29;30;31;32;33;34;35;36;37;38;39;40;41;42;44;45;46;47;48;49;50;51;53;54;55;56,51,3148,51,38097,2014-12-31,2025-12-31
chr_food_insecurity,chr; feeding_america,2,county_health_rankings,chr,preventive_care,nutrition_and_exercise,percent,NA,0-1,Year,2022,2022,2022,2025,3,2014,2025,University of Wisconsin Population Health Institute. County Health Rankings & Roadmaps 2025. www.countyhealthrankings.org.,Y,Y,Y,TRUE,TRUE,TRUE,NA,primary,chr_food_insecurity,NA,01;02;04;05;06;08;09;10;11;12;13;15;16;17;18;19;20;21;22;23;24;25;26;27;28;29;30;31;32;33;34;35;36;37;38;39;40;41;42;44;45;46;47;48;49;50;51;53;54;55;56,51,3159,51,38320,2014-12-31,2025-12-31
chr_frequent_mental_distress,chr; brfss,2,county_health_rankings,chr,mental_health,NA,percent,NA,0-1,Year,2022,2022,2022,2025,3,2016,2025,University of Wisconsin Population Health Institute. County Health Rankings & Roadmaps 2025. www.countyhealthrankings.org.,Y,Y,Y,TRUE,TRUE,TRUE,NA,primary,chr_frequent_mental_distress,NA,01;02;04;05;06;08;09;10;11;12;13;15;16;17;18;19;20;21;22;23;24;25;26;27;28;29;30;31;32;33;34;35;36;37;38;39;40;41;42;44;45;46;47;48;49;50;51;53;54;55;56,51,3158,51,31930,2016-12-31,2025-12-31
chr_frequent_physical_distress,chr; brfss,2,county_health_rankings,chr,overall_health_status_and_mortality,length_and_quality_of_life,percent,NA,0-1,Year,2022,2022,2022,2025,3,2016,2025,University of Wisconsin Population Health Institute. County Health Rankings & Roadmaps 2025. www.countyhealthrankings.org.,Y,Y,Y,TRUE,TRUE,TRUE,NA,primary,chr_frequent_physical_distress,NA,01;02;04;05;06;08;09;10;11;12;13;15;16;17;18;19;20;21;22;23;24;25;26;27;28;29;30;31;32;33;34;35;36;37;38;39;40;41;42;44;45;46;47;48;49;50;51;53;54;55;56,51,3158,51,31930,2016-12-31,2025-12-31
chr_fruit_and_vegetable_consumption_fl,chr; brfss,2,county_health_rankings,chr,preventive_care,nutrition_and_exercise,percent,NA,0-1,Year,NA,NA,NA,NA,NA,2011,2011,University of Wisconsin Population Health Institute. County Health Rankings & Roadmaps 2011. www.countyhealthrankings.org.,N-A,N-A,conditional,FALSE,FALSE,TRUE,NA,primary,chr_fruit_and_vegetable_consumption_fl,NA,NA,NA,67,1,67,2011-12-31,2011-12-31
chr_gender_pay_gap,chr; acs,2,county_health_rankings,chr,social_determinants_of_health,economic_stability,number,Cents per dollar,NA,Year,2019-2023,2019,2023,2025,6,2022,2025,University of Wisconsin Population Health Institute. County Health Rankings & Roadmaps 2025. www.countyhealthrankings.org.,Y,Y,Y,TRUE,TRUE,TRUE,NA,primary,chr_gender_pay_gap,NA,01;02;04;05;06;08;09;10;11;12;13;15;16;17;18;19;20;21;22;23;24;25;26;27;28;29;30;31;32;33;34;35;36;37;38;39;40;41;42;44;45;46;47;48;49;50;51;53;54;55;56,51,3151,51,12753,2022-12-31,2025-12-31
chr_hate_crimes,chr,1,county_health_rankings,chr,injury_and_violence,NA,number,"Per 100,000 population",NA,Year,2016,2016,2016,2019,3,2013,2019,University of Wisconsin Population Health Institute. County Health Rankings & Roadmaps 2019. www.countyhealthrankings.org.,Y,Y,Y,FALSE,FALSE,TRUE,expected_national_absent,primary,chr_hate_crimes,NA,NA,NA,60,1,212,2013-12-31,2016-12-31
chr_health_care_costs,chr; dartmouth_atlas,2,county_health_rankings,chr,social_determinants_of_health,health_care_access_and_quality,dollars,NA,NA,Year,2015,2015,2015,2018,3,2012,2018,University of Wisconsin Population Health Institute. County Health Rankings & Roadmaps 2018. www.countyhealthrankings.org.,Y,Y,Y,TRUE,TRUE,TRUE,NA,primary,chr_health_care_costs,NA,01;02;04;05;06;08;09;10;11;12;13;15;16;17;18;19;20;21;22;23;24;25;26;27;28;29;30;31;32;33;34;35;36;37;38;39;40;41;42;44;45;46;47;48;49;50;51;53;54;55;56,51,3147,51,22301,2012-12-31,2018-12-31
chr_high_housing_costs,chr; acs,2,county_health_rankings,chr,social_determinants_of_health,economic_stability,percent,NA,0-1,Year,2007-2011,2007,2011,2013,6,2011,2013,University of Wisconsin Population Health Institute. County Health Rankings & Roadmaps 2013. www.countyhealthrankings.org.,Y,Y,Y,TRUE,TRUE,TRUE,NA,primary,chr_high_housing_costs,NA,01;02;04;05;06;08;09;10;11;12;13;15;16;17;18;19;20;21;22;23;24;25;26;27;28;29;30;31;32;33;34;35;36;37;38;39;40;41;42;44;45;46;47;48;49;50;51;53;54;55;56,51,3141,51,9577,2011-12-31,2013-12-31
chr_high_school_completion,chr; acs,2,county_health_rankings,chr,social_determinants_of_health,education_access_and_quality,percent,NA,0-1,Year,2019-2023,2019,2023,2025,6,2021,2025,University of Wisconsin Population Health Institute. County Health Rankings & Roadmaps 2025. www.countyhealthrankings.org.,Y,Y,Y,TRUE,TRUE,TRUE,NA,primary,chr_high_school_completion,NA,01;02;04;05;06;08;09;10;11;12;13;15;16;17;18;19;20;21;22;23;24;25;26;27;28;29;30;31;32;33;34;35;36;37;38;39;40;41;42;44;45;46;47;48;49;50;51;53;54;55;56,51,3153,51,15973,2021-12-31,2025-12-31
chr_high_school_graduation,chr; edfacts,2,county_health_rankings,chr,social_determinants_of_health,education_access_and_quality,percent,NA,0-1,Year,2021-2022,2021,2022,2025,4,2010,2025,University of Wisconsin Population Health Institute. County Health Rankings & Roadmaps 2025. www.countyhealthrankings.org.,Y,Y,Y,TRUE,TRUE,TRUE,NA,primary,chr_high_school_graduation,NA,01;02;04;05;06;08;09;10;11;12;13;15;16;17;18;19;20;21;22;23;24;25;26;27;28;29;30;31;32;33;34;35;36;37;38;39;40;41;42;44;45;46;47;48;49;50;51;53;54;55;56,51,3137,51,44908,2010-12-31,2025-12-31
chr_hispanic,chr; census_pep,2,county_health_rankings,chr,population_demographics,NA,percent,NA,0-1,Year,2023,2023,2023,2025,2,2011,2025,University of Wisconsin Population Health Institute. County Health Rankings & Roadmaps 2025. www.countyhealthrankings.org.,Y,Y,Y,TRUE,TRUE,TRUE,NA,primary,chr_hispanic,NA,01;02;04;05;06;08;09;10;11;12;13;15;16;17;18;19;20;21;22;23;24;25;26;27;28;29;30;31;32;33;34;35;36;37;38;39;40;41;42;44;45;46;47;48;49;50;51;53;54;55;56,51,3159,51,47894,2011-12-31,2025-12-31
chr_hiv_prevalence,chr; cdc_nchhstp,2,county_health_rankings,chr,infectious_disease,NA,number,"Per 100,000 population",NA,Year,2022,2022,2022,2025,3,2011,2025,University of Wisconsin Population Health Institute. County Health Rankings & Roadmaps 2025. www.countyhealthrankings.org.,Y,Y,Y,TRUE,TRUE,TRUE,NA,primary,chr_hiv_prevalence,NA,01;02;04;05;06;08;09;10;11;12;13;15;16;17;18;19;20;21;22;23;24;25;26;27;28;29;30;31;32;33;34;35;36;37;38;39;40;41;42;44;45;46;47;48;49;50;51;53;54;55;56,51,2966,51,36969,2011-12-31,2025-12-31
chr_homeownership,chr; acs,2,county_health_rankings,chr,social_determinants_of_health,neighborhood_and_built_environment,percent,NA,0-1,Year,2019-2023,2019,2023,2025,6,2019,2025,University of Wisconsin Population Health Institute. County Health Rankings & Roadmaps 2025. www.countyhealthrankings.org.,Y,Y,Y,TRUE,TRUE,TRUE,NA,primary,chr_homeownership,NA,01;02;04;05;06;08;09;10;11;12;13;15;16;17;18;19;20;21;22;23;24;25;26;27;28;29;30;31;32;33;34;35;36;37;38;39;40;41;42;44;45;46;47;48;49;50;51;53;54;55;56,51,3153,51,22361,2019-12-31,2025-12-31
chr_homicides,chr; nchs,2,county_health_rankings,chr,injury_and_violence,NA,number,"Per 100,000 population",NA,Year,2016-2022,2016,2022,2025,9,2010,2025,University of Wisconsin Population Health Institute. County Health Rankings & Roadmaps 2025. www.countyhealthrankings.org.,Y,Y,Y,TRUE,TRUE,TRUE,NA,primary,chr_homicides,NA,01;02;04;05;06;08;09;10;11;12;13;15;16;17;18;19;20;21;22;23;24;25;26;27;28;29;30;31;32;33;34;35;36;37;38;39;40;41;42;44;45;46;47;48;49;50;51;53;54;55;56,51,2520,51,21491,2010-12-31,2025-12-31
chr_hospice_use,chr; dartmouth_atlas,2,county_health_rankings,chr,social_determinants_of_health,health_care_access_and_quality,percent,NA,0-1,Year,NA,NA,NA,NA,NA,2010,2010,University of Wisconsin Population Health Institute. County Health Rankings & Roadmaps 2010. www.countyhealthrankings.org.,Y,Y,Y,TRUE,TRUE,TRUE,NA,primary,chr_hospice_use,NA,01;02;04;05;06;08;09;10;11;12;13;15;16;17;18;19;20;21;22;23;24;25;26;27;28;29;30;31;32;33;34;35;36;37;38;39;40;41;42;44;45;46;47;48;49;50;51;53;54;55;56,51,2566,51,2618,2010-12-31,2010-12-31
chr_illiteracy,chr,1,county_health_rankings,chr,social_determinants_of_health,education_access_and_quality,percent,NA,0-1,Year,2003,2003,2003,2012,9,2011,2012,University of Wisconsin Population Health Institute. County Health Rankings & Roadmaps 2012. www.countyhealthrankings.org.,Y,Y,Y,FALSE,TRUE,TRUE,expected_national_absent,primary,chr_illiteracy,NA,01;02;04;05;06;08;09;10;12;13;15;16;17;18;19;20;21;22;23;24;25;26;27;28;29;30;31;32;33;34;35;36;37;38;39;40;41;42;44;45;46;47;48;49;50;51;53;54;55;56,50,3136,50,6372,2011-12-31,2012-12-31
chr_inadequate_social_support,chr; brfss,2,county_health_rankings,chr,mental_health,NA,percent,NA,0-1,Year,2005-2010,2005,2010,2014,9,2010,2014,University of Wisconsin Population Health Institute. County Health Rankings & Roadmaps 2014. www.countyhealthrankings.org.,Y,Y,Y,TRUE,TRUE,TRUE,NA,primary,chr_inadequate_social_support,NA,01;02;04;05;06;08;09;10;11;12;13;15;16;17;18;19;20;21;22;23;24;25;26;27;28;29;30;31;32;33;34;35;36;37;38;39;40;41;42;44;45;46;47;48;49;50;51;53;54;55;56,51,2518,51,12035,2010-12-31,2014-12-31
chr_income_inequality,chr; acs,2,county_health_rankings,chr,social_determinants_of_health,economic_stability,number,Ratio,NA,Year,2019-2023,2019,2023,2025,6,2010,2025,University of Wisconsin Population Health Institute. County Health Rankings & Roadmaps 2025. www.countyhealthrankings.org.,Y,Y,Y,TRUE,TRUE,TRUE,NA,primary,chr_income_inequality,NA,01;02;04;05;06;08;09;10;11;12;13;15;16;17;18;19;20;21;22;23;24;25;26;27;28;29;30;31;32;33;34;35;36;37;38;39;40;41;42;44;45;46;47;48;49;50;51;53;54;55;56,51,3158,51,38261,2010-12-31,2025-12-31
chr_infant_mortality,chr; nchs,2,county_health_rankings,chr,maternal_and_infant_health,NA,number,"Per 1,000 live births",NA,Year,2016-2022,2016,2022,2025,9,2013,2025,University of Wisconsin Population Health Institute. County Health Rankings & Roadmaps 2025. www.countyhealthrankings.org.,Y,Y,Y,TRUE,TRUE,TRUE,NA,primary,chr_infant_mortality,NA,01;02;04;05;06;08;09;10;11;12;13;15;16;17;18;19;20;21;22;23;24;25;26;27;28;29;30;31;32;33;34;35;36;37;38;39;40;41;42;44;45;46;47;48;49;50;51;53;54;55;56,51,1779,51,17679,2013-12-31,2025-12-31
chr_injury_deaths,chr; nchs,2,county_health_rankings,chr,injury_and_violence,NA,number,"Per 100,000 population",NA,Year,2018-2022,2018,2022,2025,7,2014,2025,University of Wisconsin Population Health Institute. County Health Rankings & Roadmaps 2025. www.countyhealthrankings.org.,Y,Y,Y,TRUE,TRUE,TRUE,NA,primary,chr_injury_deaths,NA,01;02;04;05;06;08;09;10;11;12;13;15;16;17;18;19;20;21;22;23;24;25;26;27;28;29;30;31;32;33;34;35;36;37;38;39;40;41;42;44;45;46;47;48;49;50;51;53;54;55;56,51,3093,51,36840,2014-12-31,2025-12-31
chr_insufficient_sleep,chr; brfss,2,county_health_rankings,chr,overall_health_status_and_mortality,length_and_quality_of_life,percent,NA,0-1,Year,2022,2022,2022,2025,3,2016,2025,University of Wisconsin Population Health Institute. County Health Rankings & Roadmaps 2025. www.countyhealthrankings.org.,Y,Y,Y,TRUE,TRUE,TRUE,NA,primary,chr_insufficient_sleep,NA,01;02;04;05;06;08;09;10;11;12;13;15;16;17;18;19;20;21;22;23;24;25;26;27;28;29;30;31;32;33;34;35;36;37;38;39;40;41;42;44;45;46;47;48;49;50;51;53;54;55;56,51,3158,51,31928,2016-12-31,2025-12-31
chr_insured_adults_fl,chr; brfss,2,county_health_rankings,chr,social_determinants_of_health,health_care_access_and_quality,percent,NA,0-1,Year,NA,NA,NA,NA,NA,2011,2011,University of Wisconsin Population Health Institute. County Health Rankings & Roadmaps 2011. www.countyhealthrankings.org.,N-A,N-A,conditional,FALSE,FALSE,TRUE,NA,primary,chr_insured_adults_fl,NA,NA,NA,67,1,67,2011-12-31,2011-12-31
chr_juvenile_arrests,chr; ojjdp,2,county_health_rankings,chr,injury_and_violence,NA,number,"Per 1,000 juveniles",NA,Year,2021,2021,2021,2024,3,2020,2024,University of Wisconsin Population Health Institute. County Health Rankings & Roadmaps 2024. www.countyhealthrankings.org.,Y,Y,Y,TRUE,TRUE,TRUE,NA,primary,chr_juvenile_arrests,NA,01;02;04;08;10;11;12;15;17;18;19;20;21;23;24;26;27;29;30;31;34;35;36;37;39;40;41;42;45;46;48;49;50;51;53;54;56,37,2609,45,9937,2020-12-31,2024-12-31
chr_lack_of_social_and_emotional_support,chr; brfss,2,county_health_rankings,chr,mental_health,NA,percent,NA,0-1,Year,2022,2022,2022,2025,3,2025,2025,University of Wisconsin Population Health Institute. County Health Rankings & Roadmaps 2025. www.countyhealthrankings.org.,Y,Y,Y,TRUE,TRUE,TRUE,NA,primary,chr_lack_of_social_and_emotional_support,NA,01;02;04;06;09;10;11;12;13;16;18;19;20;21;23;24;25;26;27;28;29;30;31;32;33;34;35;37;39;40;44;45;47;48;49;50;53;54;55;56,40,2417,40,2458,2025-12-31,2025-12-31
chr_lead_poisoned_children,chr,1,county_health_rankings,chr,environmental_health,other_environmental_hazards,percent,NA,0-1,Year,2010,2010,2010,2013,3,2010,2013,University of Wisconsin Population Health Institute. County Health Rankings & Roadmaps 2013. www.countyhealthrankings.org.,Y,Y,Y,FALSE,FALSE,TRUE,expected_national_absent,primary,chr_lead_poisoned_children,NA,NA,NA,16,1,32,2010-12-31,2013-12-31
chr_library_access,chr; imls,2,county_health_rankings,chr,social_determinants_of_health,neighborhood_and_built_environment,number,Visits per person per year,NA,Year,2022,2022,2022,2025,3,2025,2025,University of Wisconsin Population Health Institute. County Health Rankings & Roadmaps 2025. www.countyhealthrankings.org.,Y,Y,Y,TRUE,TRUE,TRUE,NA,primary,chr_library_access,NA,01;02;04;05;06;08;09;10;11;12;13;15;16;17;18;19;20;21;22;23;24;25;26;27;28;29;30;31;32;33;34;35;36;37;38;39;40;41;42;44;45;46;47;48;49;50;51;53;54;55;56,51,3015,51,3067,2025-12-31,2025-12-31
chr_life_expectancy,chr; nchs,2,county_health_rankings,chr,overall_health_status_and_mortality,length_and_quality_of_life,number,Years,NA,Year,2020-2022,2020,2022,2025,5,2019,2025,University of Wisconsin Population Health Institute. County Health Rankings & Roadmaps 2025. www.countyhealthrankings.org.,Y,Y,Y,TRUE,TRUE,TRUE,NA,primary,chr_life_expectancy,NA,01;02;04;05;06;08;09;10;11;12;13;15;16;17;18;19;20;21;22;23;24;25;26;27;28;29;30;31;32;33;34;35;36;37;38;39;40;41;42;44;45;46;47;48;49;50;51;53;54;55;56,51,3073,51,21861,2019-12-31,2025-12-31
chr_limited_access_to_healthy_foods,chr; usda_fara,2,county_health_rankings,chr,preventive_care,nutrition_and_exercise,percent,NA,0-1,Year,2019,2019,2019,2025,6,2012,2025,University of Wisconsin Population Health Institute. County Health Rankings & Roadmaps 2025. www.countyhealthrankings.org.,Y,Y,Y,TRUE,TRUE,TRUE,NA,primary,chr_limited_access_to_healthy_foods,NA,01;02;04;05;06;08;09;10;11;12;13;15;16;17;18;19;20;21;22;23;24;25;26;27;28;29;30;31;32;33;34;35;36;37;38;39;40;41;42;44;45;46;47;48;49;50;51;53;54;55;56,51,3148,51,44459,2012-12-31,2025-12-31
chr_liquor_store_density,chr; census_cbp,2,county_health_rankings,chr,substance_abuse,alcohol_use,number,"Per 100,000 population",NA,Year,NA,NA,NA,NA,NA,2010,2011,University of Wisconsin Population Health Institute. County Health Rankings & Roadmaps 2011. www.countyhealthrankings.org.,Y,Y,Y,TRUE,TRUE,TRUE,NA,primary,chr_liquor_store_density,NA,01;02;04;05;06;08;09;10;11;12;13;15;16;17;18;19;20;21;22;23;24;25;26;27;28;29;30;31;32;33;34;35;36;37;38;39;40;41;42;44;45;46;47;48;49;50;51;53;54;55;56,51,3141,51,6386,2010-12-31,2011-12-31
chr_living_wage,chr; living_wage_institute,2,county_health_rankings,chr,social_determinants_of_health,economic_stability,dollars,Per hour,NA,Year,2024,2024,2024,2025,1,2022,2025,University of Wisconsin Population Health Institute. County Health Rankings & Roadmaps 2025. www.countyhealthrankings.org.,Y,Y,Y,FALSE,TRUE,TRUE,expected_national_absent,primary,chr_living_wage,NA,01;02;04;05;06;08;09;10;11;12;13;15;16;17;18;19;20;21;22;23;24;25;26;27;28;29;30;31;32;33;34;35;36;37;38;39;40;41;42;44;45;46;47;48;49;50;51;53;54;55;56,51,3144,51,12774,2022-12-31,2025-12-31
chr_local_health_department_staffing,chr,1,county_health_rankings,chr,social_determinants_of_health,health_care_access_and_quality,number,"FTEs per 10,000 population",NA,Year,2014,2014,2014,2017,3,2013,2017,University of Wisconsin Population Health Institute. County Health Rankings & Roadmaps 2017. www.countyhealthrankings.org.,Y,Y,Y,FALSE,FALSE,TRUE,expected_national_absent,primary,chr_local_health_department_staffing,NA,NA,NA,2,1,2,2015-12-31,2015-12-31
chr_long_commute_driving_alone,chr; acs,2,county_health_rankings,chr,social_determinants_of_health,neighborhood_and_built_environment,percent,NA,0-1,Year,2019-2023,2019,2023,2025,6,2014,2025,University of Wisconsin Population Health Institute. County Health Rankings & Roadmaps 2025. www.countyhealthrankings.org.,Y,Y,Y,TRUE,TRUE,TRUE,NA,primary,chr_long_commute_driving_alone,NA,01;02;04;05;06;08;09;10;11;12;13;15;16;17;18;19;20;21;22;23;24;25;26;27;28;29;30;31;32;33;34;35;36;37;38;39;40;41;42;44;45;46;47;48;49;50;51;53;54;55;56,51,3159,51,38317,2014-12-31,2025-12-31
chr_low_birth_weight,chr; nchs,2,county_health_rankings,chr,maternal_and_infant_health,NA,percent,NA,0-1,Year,2017-2023,2017,2023,2025,8,2010,2025,University of Wisconsin Population Health Institute. County Health Rankings & Roadmaps 2025. www.countyhealthrankings.org.,Y,Y,Y,TRUE,TRUE,TRUE,NA,primary,chr_low_birth_weight,NA,01;02;04;05;06;08;09;10;11;12;13;15;16;17;18;19;20;21;22;23;24;25;26;27;28;29;30;31;32;33;34;35;36;37;38;39;40;41;42;44;45;46;47;48;49;50;51;53;54;55;56,51,3087,51,48846,2010-12-31,2025-12-31
chr_mammography_screening,chr; cms,2,county_health_rankings,chr,preventive_care,sexual_and_reproductive_health,percent,NA,0-1,Year,2022,2022,2022,2025,3,2011,2025,University of Wisconsin Population Health Institute. County Health Rankings & Roadmaps 2025. www.countyhealthrankings.org.,Y,Y,Y,TRUE,TRUE,TRUE,NA,primary,chr_mammography_screening,NA,01;02;04;05;06;08;09;10;11;12;13;15;16;17;18;19;20;21;22;23;24;25;26;27;28;29;30;31;32;33;34;35;36;37;38;39;40;41;42;44;45;46;47;48;49;50;51;53;54;55;56,51,3138,51,46668,2011-12-31,2025-12-31
chr_math_scores,chr; seda,2,county_health_rankings,chr,social_determinants_of_health,education_access_and_quality,number,Grade level,NA,Year,2019,2019,2019,2025,6,2020,2025,University of Wisconsin Population Health Institute. County Health Rankings & Roadmaps 2025. www.countyhealthrankings.org.,Y,Y,Y,TRUE,TRUE,TRUE,NA,primary,chr_math_scores,NA,01;02;04;05;06;08;09;10;11;12;13;15;16;17;18;19;20;21;22;23;24;25;26;27;28;29;30;31;32;33;34;35;36;37;38;39;40;41;42;44;45;46;47;48;49;50;51;53;54;55;56,51,2976,49,16416,2020-12-31,2025-12-31
chr_median_household_income,chr; census_saipe,2,county_health_rankings,chr,social_determinants_of_health,economic_stability,dollars,NA,NA,Year,2023 & 2019,2019,2023,2025,6,2011,2025,University of Wisconsin Population Health Institute. County Health Rankings & Roadmaps 2025. www.countyhealthrankings.org.,Y,Y,Y,TRUE,TRUE,TRUE,NA,primary,chr_median_household_income,NA,01;02;04;05;06;08;09;10;11;12;13;15;16;17;18;19;20;21;22;23;24;25;26;27;28;29;30;31;32;33;34;35;36;37;38;39;40;41;42;44;45;46;47;48;49;50;51;53;54;55;56,51,3158,51,47883,2011-12-31,2025-12-31
chr_mental_health_providers,chr; cms_nppes,2,county_health_rankings,chr,mental_health,NA,number,Population per provider,NA,Year,2024,2024,2024,2025,1,2011,2025,University of Wisconsin Population Health Institute. County Health Rankings & Roadmaps 2025. www.countyhealthrankings.org.,Y,Y,Y,TRUE,TRUE,TRUE,NA,primary,chr_mental_health_providers,NA,01;02;04;05;06;08;09;10;11;12;13;15;16;17;18;19;20;21;22;23;24;25;26;27;28;29;30;31;32;33;34;35;36;37;38;39;40;41;42;44;45;46;47;48;49;50;51;53;54;55;56,51,2998,51,38276,2011-12-31,2025-12-31
chr_motor_vehicle_crash_deaths,chr; nchs,2,county_health_rankings,chr,injury_and_violence,NA,number,"Per 100,000 population",NA,Year,2016-2022,2016,2022,2025,9,2010,2025,University of Wisconsin Population Health Institute. County Health Rankings & Roadmaps 2025. www.countyhealthrankings.org.,Y,Y,Y,TRUE,TRUE,TRUE,NA,primary,chr_motor_vehicle_crash_deaths,NA,01;02;04;05;06;08;09;10;11;12;13;15;16;17;18;19;20;21;22;23;24;25;26;27;28;29;30;31;32;33;34;35;36;37;38;39;40;41;42;44;45;46;47;48;49;50;51;53;54;55;56,51,3152,51,45540,2010-12-31,2025-12-31
chr_municipal_water_wi,chr,1,county_health_rankings,chr,environmental_health,air_and_water_quality,percent,NA,0-1,Year,2011,2011,2011,2012,1,2010,2012,University of Wisconsin Population Health Institute. County Health Rankings & Roadmaps 2012. www.countyhealthrankings.org.,N-A,N-A,conditional,FALSE,FALSE,TRUE,NA,primary,chr_municipal_water_wi,NA,NA,NA,2,1,4,2010-12-31,2012-12-31
chr_native_hawaiian_or_other_pacific_islander,chr; census_pep,2,county_health_rankings,chr,population_demographics,NA,percent,NA,0-1,Year,2023,2023,2023,2025,2,2011,2025,University of Wisconsin Population Health Institute. County Health Rankings & Roadmaps 2025. www.countyhealthrankings.org.,Y,Y,Y,TRUE,TRUE,TRUE,NA,primary,chr_native_hawaiian_or_other_pacific_islander,NA,01;02;04;05;06;08;09;10;11;12;13;15;16;17;18;19;20;21;22;23;24;25;26;27;28;29;30;31;32;33;34;35;36;37;38;39;40;41;42;44;45;46;47;48;49;50;51;53;54;55;56,51,3159,51,47894,2011-12-31,2025-12-31
chr_no_leisure_time_physical_activity_ny,chr; brfss,2,county_health_rankings,chr,preventive_care,nutrition_and_exercise,percent,NA,0-1,Year,NA,NA,NA,NA,NA,2011,2011,University of Wisconsin Population Health Institute. County Health Rankings & Roadmaps 2011. www.countyhealthrankings.org.,N-A,N-A,conditional,FALSE,FALSE,TRUE,NA,primary,chr_no_leisure_time_physical_activity_ny,NA,NA,NA,57,1,57,2011-12-31,2011-12-31
chr_non_hispanic_black,chr; census_pep,2,county_health_rankings,chr,population_demographics,NA,percent,NA,0-1,Year,2023,2023,2023,2025,2,2011,2025,University of Wisconsin Population Health Institute. County Health Rankings & Roadmaps 2025. www.countyhealthrankings.org.,Y,Y,Y,TRUE,TRUE,TRUE,NA,primary,chr_non_hispanic_black,NA,01;02;04;05;06;08;09;10;11;12;13;15;16;17;18;19;20;21;22;23;24;25;26;27;28;29;30;31;32;33;34;35;36;37;38;39;40;41;42;44;45;46;47;48;49;50;51;53;54;55;56,51,3159,51,47894,2011-12-31,2025-12-31
chr_non_hispanic_white,chr; census_pep,2,county_health_rankings,chr,population_demographics,NA,percent,NA,0-1,Year,2023,2023,2023,2025,2,2013,2025,University of Wisconsin Population Health Institute. County Health Rankings & Roadmaps 2025. www.countyhealthrankings.org.,Y,Y,Y,TRUE,TRUE,TRUE,NA,primary,chr_non_hispanic_white,NA,01;02;04;05;06;08;09;10;11;12;13;15;16;17;18;19;20;21;22;23;24;25;26;27;28;29;30;31;32;33;34;35;36;37;38;39;40;41;42;44;45;46;47;48;49;50;51;53;54;55;56,51,3159,51,41510,2013-12-31,2025-12-31
chr_not_proficient_in_english,chr; acs,2,county_health_rankings,chr,social_determinants_of_health,education_access_and_quality,percent,NA,0-1,Year,2019-2023,2019,2023,2025,6,2011,2025,University of Wisconsin Population Health Institute. County Health Rankings & Roadmaps 2025. www.countyhealthrankings.org.,Y,Y,Y,TRUE,TRUE,TRUE,NA,primary,chr_not_proficient_in_english,NA,01;02;04;05;06;08;09;10;11;12;13;15;16;17;18;19;20;21;22;23;24;25;26;27;28;29;30;31;32;33;34;35;36;37;38;39;40;41;42;44;45;46;47;48;49;50;51;53;54;55;56,51,3159,51,47893,2011-12-31,2025-12-31
chr_obese_adults_ny,chr; brfss,2,county_health_rankings,chr,preventive_care,nutrition_and_exercise,percent,NA,0-1,Year,NA,NA,NA,NA,NA,2011,2011,University of Wisconsin Population Health Institute. County Health Rankings & Roadmaps 2011. www.countyhealthrankings.org.,N-A,N-A,conditional,FALSE,FALSE,TRUE,NA,primary,chr_obese_adults_ny,NA,NA,NA,57,1,57,2011-12-31,2011-12-31
chr_other_primary_care_providers,chr; cms_nppes,2,county_health_rankings,chr,social_determinants_of_health,health_care_access_and_quality,number,Population per provider,NA,Year,2024,2024,2024,2025,1,2014,2025,University of Wisconsin Population Health Institute. County Health Rankings & Roadmaps 2025. www.countyhealthrankings.org.,Y,Y,Y,TRUE,TRUE,TRUE,NA,primary,chr_other_primary_care_providers,NA,01;02;04;05;06;08;09;10;11;12;13;15;16;17;18;19;20;21;22;23;24;25;26;27;28;29;30;31;32;33;34;35;36;37;38;39;40;41;42;44;45;46;47;48;49;50;51;53;54;55;56,51,3105,51,34150,2015-12-31,2025-12-31
chr_overweight_or_obese_adults_fl,chr; brfss,2,county_health_rankings,chr,preventive_care,nutrition_and_exercise,percent,NA,0-1,Year,NA,NA,NA,NA,NA,2011,2011,University of Wisconsin Population Health Institute. County Health Rankings & Roadmaps 2011. www.countyhealthrankings.org.,N-A,N-A,conditional,FALSE,FALSE,TRUE,NA,primary,chr_overweight_or_obese_adults_fl,NA,NA,NA,67,1,67,2011-12-31,2011-12-31
chr_physical_inactivity,chr; brfss,2,county_health_rankings,chr,preventive_care,nutrition_and_exercise,percent,NA,0-1,Year,2022,2022,2022,2025,3,2011,2025,University of Wisconsin Population Health Institute. County Health Rankings & Roadmaps 2025. www.countyhealthrankings.org.,Y,Y,Y,TRUE,TRUE,TRUE,NA,primary,chr_physical_inactivity,NA,01;02;04;05;06;08;09;10;11;12;13;15;16;17;18;19;20;21;22;23;24;25;26;27;28;29;30;31;32;33;34;35;36;37;38;39;40;41;42;44;45;46;47;48;49;50;51;53;54;55;56,51,3159,51,47895,2011-12-31,2025-12-31
chr_poor_mental_health_days,chr; brfss,2,county_health_rankings,chr,mental_health,NA,number,Days per month,NA,Year,2022,2022,2022,2025,3,2010,2025,University of Wisconsin Population Health Institute. County Health Rankings & Roadmaps 2025. www.countyhealthrankings.org.,Y,Y,Y,TRUE,TRUE,TRUE,NA,primary,chr_poor_mental_health_days,NA,01;02;04;05;06;08;09;10;11;12;13;15;16;17;18;19;20;21;22;23;24;25;26;27;28;29;30;31;32;33;34;35;36;37;38;39;40;41;42;44;45;46;47;48;49;50;51;53;54;55;56,51,3159,51,49085,2010-12-31,2025-12-31
chr_poor_or_fair_health,chr; brfss,2,county_health_rankings,chr,overall_health_status_and_mortality,length_and_quality_of_life,percent,NA,0-1,Year,2022,2022,2022,2025,3,2010,2025,University of Wisconsin Population Health Institute. County Health Rankings & Roadmaps 2025. www.countyhealthrankings.org.,Y,Y,Y,TRUE,TRUE,TRUE,NA,primary,chr_poor_or_fair_health,NA,01;02;04;05;06;08;09;10;11;12;13;15;16;17;18;19;20;21;22;23;24;25;26;27;28;29;30;31;32;33;34;35;36;37;38;39;40;41;42;44;45;46;47;48;49;50;51;53;54;55;56,51,3159,51,48656,2010-12-31,2025-12-31
chr_poor_physical_health_days,chr; brfss,2,county_health_rankings,chr,overall_health_status_and_mortality,length_and_quality_of_life,number,Days per month,NA,Year,2022,2022,2022,2025,3,2010,2025,University of Wisconsin Population Health Institute. County Health Rankings & Roadmaps 2025. www.countyhealthrankings.org.,Y,Y,Y,TRUE,TRUE,TRUE,NA,primary,chr_poor_physical_health_days,NA,01;02;04;05;06;08;09;10;11;12;13;15;16;17;18;19;20;21;22;23;24;25;26;27;28;29;30;31;32;33;34;35;36;37;38;39;40;41;42;44;45;46;47;48;49;50;51;53;54;55;56,51,3159,51,49553,2010-12-31,2025-12-31
chr_population,chr; census_pep,2,county_health_rankings,chr,population_demographics,NA,number,Persons,NA,Year,2023,2023,2023,2025,2,2011,2025,University of Wisconsin Population Health Institute. County Health Rankings & Roadmaps 2025. www.countyhealthrankings.org.,Y,Y,Y,TRUE,TRUE,TRUE,NA,primary,population_total,"Census PEP annual estimate, via CHR&R",01;02;04;05;06;08;09;10;11;12;13;15;16;17;18;19;20;21;22;23;24;25;26;27;28;29;30;31;32;33;34;35;36;37;38;39;40;41;42;44;45;46;47;48;49;50;51;53;54;55;56,51,3159,51,47894,2011-12-31,2025-12-31
chr_population_growth,chr,1,county_health_rankings,chr,population_demographics,NA,percent,NA,0-1,Year,"2018, 2010",2010,2018,2020,10,2013,2020,University of Wisconsin Population Health Institute. County Health Rankings & Roadmaps 2020. www.countyhealthrankings.org.,Y,Y,Y,FALSE,TRUE,TRUE,expected_national_absent,primary,chr_population_growth,NA,55,1,51,1,146,2013-12-31,2018-12-31
chr_premature_age_adjusted_mortality,chr; nchs,2,county_health_rankings,chr,overall_health_status_and_mortality,length_and_quality_of_life,number,"Per 100,000 population",NA,Year,2020-2022,2020,2022,2025,5,2013,2025,University of Wisconsin Population Health Institute. County Health Rankings & Roadmaps 2025. www.countyhealthrankings.org.,Y,Y,Y,TRUE,TRUE,TRUE,NA,primary,chr_premature_age_adjusted_mortality,NA,01;02;04;05;06;08;09;10;11;12;13;15;16;17;18;19;20;21;22;23;24;25;26;27;28;29;30;31;32;33;34;35;36;37;38;39;40;41;42;44;45;46;47;48;49;50;51;53;54;55;56,51,3110,51,40701,2013-12-31,2025-12-31
chr_premature_death,chr; nchs,2,county_health_rankings,chr,overall_health_status_and_mortality,length_and_quality_of_life,number,"Years lost per 100,000 population",NA,Year,2020-2022,2020,2022,2025,5,2010,2025,University of Wisconsin Population Health Institute. County Health Rankings & Roadmaps 2025. www.countyhealthrankings.org.,Y,Y,Y,TRUE,TRUE,TRUE,NA,primary,chr_premature_death,NA,01;02;04;05;06;08;09;10;11;12;13;15;16;17;18;19;20;21;22;23;24;25;26;27;28;29;30;31;32;33;34;35;36;37;38;39;40;41;42;44;45;46;47;48;49;50;51;53;54;55;56,51,3112,51,50016,2010-12-31,2025-12-31
chr_preventable_hospital_stays,chr; cms,2,county_health_rankings,chr,social_determinants_of_health,health_care_access_and_quality,number,"Per 100,000 Medicare enrollees",NA,Year,2022,2022,2022,2025,3,2010,2025,University of Wisconsin Population Health Institute. County Health Rankings & Roadmaps 2025. www.countyhealthrankings.org.,Y,Y,Y,TRUE,TRUE,TRUE,NA,primary,chr_preventable_hospital_stays,NA,01;02;04;05;06;08;09;10;11;12;13;15;16;17;18;19;20;21;22;23;24;25;26;27;28;29;30;31;32;33;34;35;36;37;38;39;40;41;42;44;45;46;47;48;49;50;51;53;54;55;56,51,3136,51,49634,2010-12-31,2025-12-31
chr_primary_care_physicians,chr; ama_physician_masterfile,2,county_health_rankings,chr,social_determinants_of_health,health_care_access_and_quality,number,Population per physician,NA,Year,2021,2021,2021,2025,4,2010,2025,University of Wisconsin Population Health Institute. County Health Rankings & Roadmaps 2025. www.countyhealthrankings.org.,Y,Y,Y,TRUE,TRUE,TRUE,NA,primary,chr_primary_care_physicians,NA,01;02;04;05;06;08;09;10;11;12;13;15;16;17;18;19;20;21;22;23;24;25;26;27;28;29;30;31;32;33;34;35;36;37;38;39;40;41;42;44;45;46;47;48;49;50;51;53;54;55;56,51,3055,51,47705,2010-12-31,2025-12-31
chr_reading_scores,chr; seda,2,county_health_rankings,chr,social_determinants_of_health,education_access_and_quality,number,Grade level,NA,Year,2019,2019,2019,2025,6,2020,2025,University of Wisconsin Population Health Institute. County Health Rankings & Roadmaps 2025. www.countyhealthrankings.org.,Y,Y,Y,TRUE,TRUE,TRUE,NA,primary,chr_reading_scores,NA,01;02;04;05;06;08;09;10;11;12;13;15;16;17;18;19;20;21;22;23;24;25;26;27;28;29;30;31;32;33;34;35;36;37;38;39;40;41;42;44;45;46;47;48;49;50;51;53;54;55;56,51,2945,48,16500,2020-12-31,2025-12-31
chr_residential_segregation_black_white,chr; acs,2,county_health_rankings,chr,social_determinants_of_health,social_and_community_context,number,Index (0-100),NA,Year,2019-2023,2019,2023,2025,6,2016,2025,University of Wisconsin Population Health Institute. County Health Rankings & Roadmaps 2025. www.countyhealthrankings.org.,Y,Y,Y,TRUE,TRUE,TRUE,NA,primary,chr_residential_segregation_black_white,NA,01;02;04;05;06;08;09;10;11;12;13;15;16;17;18;19;20;21;22;23;24;25;26;27;28;29;30;31;32;33;34;35;36;37;38;39;40;41;42;44;45;46;47;48;49;50;51;53;54;55;56,51,2337,51,21126,2016-12-31,2025-12-31
chr_residential_segregation_non_white_white,chr; acs,2,county_health_rankings,chr,social_determinants_of_health,social_and_community_context,number,Index (0-100),NA,Year,2016-2020,2016,2020,2022,6,2016,2022,University of Wisconsin Population Health Institute. County Health Rankings & Roadmaps 2022. www.countyhealthrankings.org.,Y,Y,Y,TRUE,TRUE,TRUE,NA,primary,chr_residential_segregation_non_white_white,NA,01;02;04;05;06;08;09;10;11;12;13;15;16;17;18;19;20;21;22;23;24;25;26;27;28;29;30;31;32;33;34;35;36;37;38;39;40;41;42;44;45;46;47;48;49;50;51;53;54;55;56,51,2893,51,19938,2016-12-31,2022-12-31
chr_rural,chr; census_decennial,2,county_health_rankings,chr,social_determinants_of_health,neighborhood_and_built_environment,percent,NA,0-1,Year,2020,2020,2020,2025,5,2011,2025,University of Wisconsin Population Health Institute. County Health Rankings & Roadmaps 2025. www.countyhealthrankings.org.,Y,Y,Y,TRUE,TRUE,TRUE,NA,primary,chr_rural,NA,01;02;04;05;06;08;09;10;11;12;13;15;16;17;18;19;20;21;22;23;24;25;26;27;28;29;30;31;32;33;34;35;36;37;38;39;40;41;42;44;45;46;47;48;49;50;51;53;54;55;56,51,3159,51,47850,2011-12-31,2025-12-31
chr_school_funding_adequacy,chr; sfid,2,county_health_rankings,chr,social_determinants_of_health,education_access_and_quality,dollars,Per pupil,NA,Year,2022,2022,2022,2025,3,2022,2025,University of Wisconsin Population Health Institute. County Health Rankings & Roadmaps 2025. www.countyhealthrankings.org.,Y,Y,Y,TRUE,TRUE,TRUE,NA,primary,chr_school_funding_adequacy,NA,01;02;04;05;06;08;09;10;11;12;13;16;17;18;19;20;21;22;23;24;25;26;27;28;29;30;31;32;33;34;35;36;37;38;39;40;41;42;44;45;46;47;48;49;51;53;54;55;56,49,3107,49,12453,2022-12-31,2025-12-31
chr_school_segregation,chr; nces,2,county_health_rankings,chr,social_determinants_of_health,social_and_community_context,number,Index (0-1),NA,Year,2023-2024,2023,2024,2025,2,2022,2025,University of Wisconsin Population Health Institute. County Health Rankings & Roadmaps 2025. www.countyhealthrankings.org.,Y,Y,Y,TRUE,TRUE,TRUE,NA,primary,chr_school_segregation,NA,01;02;04;05;06;08;09;10;11;12;13;15;16;17;18;19;20;21;22;23;24;25;26;27;28;29;30;31;32;33;34;35;36;37;38;39;40;41;42;44;45;46;47;48;49;50;51;53;54;55;56,51,2969,51,11871,2022-12-31,2025-12-31
chr_severe_housing_cost_burden,chr; acs,2,county_health_rankings,chr,social_determinants_of_health,economic_stability,percent,NA,0-1,Year,2019-2023,2019,2023,2025,6,2019,2025,University of Wisconsin Population Health Institute. County Health Rankings & Roadmaps 2025. www.countyhealthrankings.org.,Y,Y,Y,TRUE,TRUE,TRUE,NA,primary,chr_severe_housing_cost_burden,NA,01;02;04;05;06;08;09;10;11;12;13;15;16;17;18;19;20;21;22;23;24;25;26;27;28;29;30;31;32;33;34;35;36;37;38;39;40;41;42;44;45;46;47;48;49;50;51;53;54;55;56,51,3152,51,22333,2019-12-31,2025-12-31
chr_severe_housing_problems,chr; hud_chas,2,county_health_rankings,chr,social_determinants_of_health,neighborhood_and_built_environment,percent,NA,0-1,Year,2017-2021,2017,2021,2025,8,2014,2025,University of Wisconsin Population Health Institute. County Health Rankings & Roadmaps 2025. www.countyhealthrankings.org.,Y,Y,Y,TRUE,TRUE,TRUE,NA,primary,severe_housing_problems,"HUD CHAS severe-housing-problems rate, via CHR&R",01;02;04;05;06;08;09;10;11;12;13;15;16;17;18;19;20;21;22;23;24;25;26;27;28;29;30;31;32;33;34;35;36;37;38;39;40;41;42;44;45;46;47;48;49;50;51;53;54;55;56,51,3159,51,38318,2014-12-31,2025-12-31
chr_sexually_transmitted_infections,chr; cdc_nchhstp,2,county_health_rankings,chr,preventive_care,sexual_and_reproductive_health,number,"Per 100,000 population",NA,Year,2022,2022,2022,2025,3,2010,2025,University of Wisconsin Population Health Institute. County Health Rankings & Roadmaps 2025. www.countyhealthrankings.org.,Y,Y,Y,TRUE,TRUE,TRUE,NA,primary,chr_sexually_transmitted_infections,NA,01;02;04;05;06;08;09;10;11;12;13;15;16;17;18;19;20;21;22;23;24;25;26;27;28;29;30;31;32;33;34;35;36;37;38;39;40;41;42;44;45;46;47;48;49;50;51;53;54;55;56,51,3149,51,49161,2010-12-31,2025-12-31
chr_single_parent_households,chr; acs,2,county_health_rankings,chr,social_determinants_of_health,social_and_community_context,percent,NA,0-1,Year,NA,NA,NA,NA,NA,2010,2010,University of Wisconsin Population Health Institute. County Health Rankings & Roadmaps 2010. www.countyhealthrankings.org.,Y,Y,Y,TRUE,TRUE,TRUE,NA,primary,chr_single_parent_households,NA,01;02;04;05;06;08;09;10;11;12;13;15;16;17;18;19;20;21;22;23;24;25;26;27;28;29;30;31;32;33;34;35;36;37;38;39;40;41;42;44;45;46;47;48;49;50;51;53;54;55;56,51,3140,51,3192,2010-12-31,2010-12-31
chr_social_associations,chr; census_cbp,2,county_health_rankings,chr,social_determinants_of_health,social_and_community_context,number,"Per 10,000 population",NA,Year,2022,2022,2022,2025,3,2015,2025,University of Wisconsin Population Health Institute. County Health Rankings & Roadmaps 2025. www.countyhealthrankings.org.,Y,Y,Y,TRUE,TRUE,TRUE,NA,primary,chr_social_associations,NA,01;02;04;05;06;08;09;10;11;12;13;15;16;17;18;19;20;21;22;23;24;25;26;27;28;29;30;31;32;33;34;35;36;37;38;39;40;41;42;44;45;46;47;48;49;50;51;53;54;55;56,51,3159,51,35127,2015-12-31,2025-12-31
chr_some_college,chr; acs,2,county_health_rankings,chr,social_determinants_of_health,education_access_and_quality,percent,NA,0-1,Year,2019-2023,2019,2023,2025,6,2011,2025,University of Wisconsin Population Health Institute. County Health Rankings & Roadmaps 2025. www.countyhealthrankings.org.,Y,Y,Y,TRUE,TRUE,TRUE,NA,primary,chr_some_college,NA,01;02;04;05;06;08;09;10;11;12;13;15;16;17;18;19;20;21;22;23;24;25;26;27;28;29;30;31;32;33;34;35;36;37;38;39;40;41;42;44;45;46;47;48;49;50;51;53;54;55;56,51,3159,51,47894,2011-12-31,2025-12-31
chr_suicides,chr; nchs,2,county_health_rankings,chr,injury_and_violence,NA,number,"Per 100,000 population",NA,Year,2018-2022,2018,2022,2025,7,2020,2025,University of Wisconsin Population Health Institute. County Health Rankings & Roadmaps 2025. www.countyhealthrankings.org.,Y,Y,Y,TRUE,TRUE,TRUE,NA,primary,chr_suicides,NA,01;02;04;05;06;08;09;10;11;12;13;15;16;17;18;19;20;21;22;23;24;25;26;27;28;29;30;31;32;33;34;35;36;37;38;39;40;41;42;44;45;46;47;48;49;50;51;53;54;55;56,51,2567,51,14828,2020-12-31,2025-12-31
chr_teen_births,chr; nchs,2,county_health_rankings,chr,maternal_and_infant_health,NA,number,"Per 1,000 females ages 15-19",NA,Year,2017-2023,2017,2023,2025,8,2010,2025,University of Wisconsin Population Health Institute. County Health Rankings & Roadmaps 2025. www.countyhealthrankings.org.,Y,Y,Y,TRUE,TRUE,TRUE,NA,primary,chr_teen_births,NA,01;02;04;05;06;08;09;10;11;12;13;15;16;17;18;19;20;21;22;23;24;25;26;27;28;29;30;31;32;33;34;35;36;37;38;39;40;41;42;44;45;46;47;48;49;50;51;53;54;55;56,51,3070,51,48553,2010-12-31,2025-12-31
chr_traffic_volume,chr; epa_ejscreen,2,county_health_rankings,chr,social_determinants_of_health,neighborhood_and_built_environment,number,Vehicles per meter,NA,Year,2020,2020,2020,2025,5,2020,2025,University of Wisconsin Population Health Institute. County Health Rankings & Roadmaps 2025. www.countyhealthrankings.org.,Y,Y,Y,TRUE,TRUE,TRUE,NA,primary,chr_traffic_volume,NA,01;02;04;05;06;08;09;10;11;12;13;15;16;17;18;19;20;21;22;23;24;25;26;27;28;29;30;31;32;33;34;35;36;37;38;39;40;41;42;44;45;46;47;48;49;50;51;53;54;55;56,51,3144,51,18949,2020-12-31,2025-12-31
chr_unemployment,chr; bls_laus,2,county_health_rankings,chr,social_determinants_of_health,economic_stability,percent,NA,0-1,Year,2023,2023,2023,2025,2,2010,2025,University of Wisconsin Population Health Institute. County Health Rankings & Roadmaps 2025. www.countyhealthrankings.org.,Y,Y,Y,TRUE,TRUE,TRUE,NA,primary,unemployment_rate,"BLS LAUS annual county unemployment rate, via CHR&R",01;02;04;05;06;08;09;10;11;12;13;15;16;17;18;19;20;21;22;23;24;25;26;27;28;29;30;31;32;33;34;35;36;37;38;39;40;41;42;44;45;46;47;48;49;50;51;53;54;55;56,51,3149,51,51072,2010-12-31,2025-12-31
chr_uninsured,chr; census_sahie,2,county_health_rankings,chr,social_determinants_of_health,health_care_access_and_quality,percent,NA,0-1,Year,2022,2022,2022,2025,3,2012,2025,University of Wisconsin Population Health Institute. County Health Rankings & Roadmaps 2025. www.countyhealthrankings.org.,Y,Y,Y,TRUE,TRUE,TRUE,NA,primary,chr_uninsured,NA,01;02;04;05;06;08;09;10;11;12;13;15;16;17;18;19;20;21;22;23;24;25;26;27;28;29;30;31;32;33;34;35;36;37;38;39;40;41;42;44;45;46;47;48;49;50;51;53;54;55;56,51,3158,51,44689,2012-12-31,2025-12-31
chr_uninsured_adults,chr; census_sahie,2,county_health_rankings,chr,social_determinants_of_health,health_care_access_and_quality,percent,NA,0-1,Year,2022,2022,2022,2025,3,2010,2025,University of Wisconsin Population Health Institute. County Health Rankings & Roadmaps 2025. www.countyhealthrankings.org.,Y,Y,Y,TRUE,TRUE,TRUE,NA,primary,chr_uninsured_adults,NA,01;02;04;05;06;08;09;10;11;12;13;15;16;17;18;19;20;21;22;23;24;25;26;27;28;29;30;31;32;33;34;35;36;37;38;39;40;41;42;44;45;46;47;48;49;50;51;53;54;55;56,51,3158,51,51073,2010-12-31,2025-12-31
chr_uninsured_children,chr; census_sahie,2,county_health_rankings,chr,social_determinants_of_health,health_care_access_and_quality,percent,NA,0-1,Year,2022,2022,2022,2025,3,2013,2025,University of Wisconsin Population Health Institute. County Health Rankings & Roadmaps 2025. www.countyhealthrankings.org.,Y,Y,Y,TRUE,TRUE,TRUE,NA,primary,chr_uninsured_children,NA,01;02;04;05;06;08;09;10;11;12;13;15;16;17;18;19;20;21;22;23;24;25;26;27;28;29;30;31;32;33;34;35;36;37;38;39;40;41;42;44;45;46;47;48;49;50;51;53;54;55;56,51,3158,51,41498,2013-12-31,2025-12-31
chr_violent_crime,chr; fbi_ucr,2,county_health_rankings,chr,injury_and_violence,NA,number,"Per 100,000 population",NA,Year,2014 & 2016,2014,2016,2022,8,2010,2022,University of Wisconsin Population Health Institute. County Health Rankings & Roadmaps 2022. www.countyhealthrankings.org.,Y,Y,Y,TRUE,TRUE,TRUE,NA,primary,chr_violent_crime,NA,01;02;04;05;06;08;09;10;11;12;13;15;16;17;18;19;20;21;22;23;24;25;26;27;28;29;30;31;32;33;34;35;36;37;38;39;40;41;42;44;45;46;47;48;49;50;51;53;54;55;56,51,3076,51,35962,2010-12-31,2022-12-31
chr_voter_turnout,chr; medsl,2,county_health_rankings,chr,social_determinants_of_health,social_and_community_context,percent,NA,0-1,Year,2020 & 2016,2016,2020,2025,9,2023,2025,University of Wisconsin Population Health Institute. County Health Rankings & Roadmaps 2025. www.countyhealthrankings.org.,Y,Y,Y,TRUE,TRUE,TRUE,NA,primary,chr_voter_turnout,NA,01;02;04;05;06;08;09;10;11;12;13;15;16;17;18;19;20;21;22;23;24;25;26;27;28;29;30;31;32;33;34;35;36;37;38;39;40;41;42;44;45;46;47;48;49;50;51;53;54;55;56,51,3112,50,9492,2023-12-31,2025-12-31
chr_w_2_enrollment,chr,1,county_health_rankings,chr,social_determinants_of_health,economic_stability,number,NA,NA,Year,2018,2018,2018,2020,2,2013,2020,University of Wisconsin Population Health Institute. County Health Rankings & Roadmaps 2020. www.countyhealthrankings.org.,Y,Y,Y,FALSE,FALSE,TRUE,expected_national_absent,primary,chr_w_2_enrollment,NA,NA,NA,6,1,11,2013-12-31,2020-12-31
cms_acute_myocardial_infarction,cms,1,cms_mmd,direct,chronic_disease,cardiovascular_metabolic,percent,NA,0-100,Year,NA,NA,NA,NA,NA,NA,NA,NA,Y,Y,Y,TRUE,TRUE,TRUE,NA,primary,cms_acute_myocardial_infarction,NA,01;02;04;05;06;08;09;10;11;12;13;15;16;17;18;19;20;21;22;23;24;25;26;27;28;29;30;31;32;33;34;35;36;37;38;39;40;41;42;44;45;46;47;48;49;50;51;53;54;55;56;60;66;69;72;78,56,3205,52,9786,2021-12-31,2023-12-31
cms_adhd,cms,1,cms_mmd,direct,mental_health,NA,percent,NA,0-100,Year,NA,NA,NA,NA,NA,NA,NA,NA,Y,Y,Y,TRUE,TRUE,TRUE,NA,primary,cms_adhd,NA,01;02;04;05;06;08;09;10;11;12;13;15;16;17;18;19;20;21;22;23;24;25;26;27;28;29;30;31;32;33;34;35;36;37;38;39;40;41;42;44;45;46;47;48;49;50;51;53;54;55;56;60;66;69;72;78,56,3205,52,9786,2021-12-31,2023-12-31
cms_alcohol_use_disorder,cms,1,cms_mmd,direct,substance_abuse,alcohol_use,percent,NA,0-100,Year,NA,NA,NA,NA,NA,NA,NA,NA,Y,Y,Y,TRUE,TRUE,TRUE,NA,primary,cms_alcohol_use_disorder,NA,01;02;04;05;06;08;09;10;11;12;13;15;16;17;18;19;20;21;22;23;24;25;26;27;28;29;30;31;32;33;34;35;36;37;38;39;40;41;42;44;45;46;47;48;49;50;51;53;54;55;56;60;66;69;72;78,56,3205,52,9786,2021-12-31,2023-12-31
cms_alzheimers,cms,1,cms_mmd,direct,chronic_disease,neurological,percent,NA,0-100,Year,NA,NA,NA,NA,NA,NA,NA,NA,Y,Y,Y,TRUE,TRUE,TRUE,NA,primary,cms_alzheimers,NA,01;02;04;05;06;08;09;10;11;12;13;15;16;17;18;19;20;21;22;23;24;25;26;27;28;29;30;31;32;33;34;35;36;37;38;39;40;41;42;44;45;46;47;48;49;50;51;53;54;55;56;60;66;69;72;78,56,3205,52,9786,2021-12-31,2023-12-31
cms_anemia,cms,1,cms_mmd,direct,chronic_disease,other_chronic_conditions,percent,NA,0-100,Year,NA,NA,NA,NA,NA,NA,NA,NA,Y,Y,Y,TRUE,TRUE,TRUE,NA,primary,cms_anemia,NA,01;02;04;05;06;08;09;10;11;12;13;15;16;17;18;19;20;21;22;23;24;25;26;27;28;29;30;31;32;33;34;35;36;37;38;39;40;41;42;44;45;46;47;48;49;50;51;53;54;55;56;60;66;69;72;78,56,3205,52,6524,2022-12-31,2023-12-31
cms_anxiety,cms,1,cms_mmd,direct,mental_health,NA,percent,NA,0-100,Year,NA,NA,NA,NA,NA,NA,NA,NA,Y,Y,Y,TRUE,TRUE,TRUE,NA,primary,cms_anxiety,NA,01;02;04;05;06;08;09;10;11;12;13;15;16;17;18;19;20;21;22;23;24;25;26;27;28;29;30;31;32;33;34;35;36;37;38;39;40;41;42;44;45;46;47;48;49;50;51;53;54;55;56;60;66;69;72;78,56,3205,52,9786,2021-12-31,2023-12-31
cms_asthma,cms,1,cms_mmd,direct,chronic_disease,respiratory_disease,percent,NA,0-100,Year,NA,NA,NA,NA,NA,NA,NA,NA,Y,Y,Y,TRUE,TRUE,TRUE,NA,primary,cms_asthma,NA,01;02;04;05;06;08;09;10;11;12;13;15;16;17;18;19;20;21;22;23;24;25;26;27;28;29;30;31;32;33;34;35;36;37;38;39;40;41;42;44;45;46;47;48;49;50;51;53;54;55;56;60;66;69;72;78,56,3205,52,9786,2021-12-31,2023-12-31
cms_atrial_fibrilation,cms,1,cms_mmd,direct,chronic_disease,cardiovascular_metabolic,percent,NA,0-100,Year,NA,NA,NA,NA,NA,NA,NA,NA,Y,Y,Y,TRUE,TRUE,TRUE,NA,primary,cms_atrial_fibrilation,NA,01;02;04;05;06;08;09;10;11;12;13;15;16;17;18;19;20;21;22;23;24;25;26;27;28;29;30;31;32;33;34;35;36;37;38;39;40;41;42;44;45;46;47;48;49;50;51;53;54;55;56;60;66;69;72;78,56,3205,52,9786,2021-12-31,2023-12-31
cms_bipolar,cms,1,cms_mmd,direct,mental_health,NA,percent,NA,0-100,Year,NA,NA,NA,NA,NA,NA,NA,NA,Y,Y,Y,TRUE,TRUE,TRUE,NA,primary,cms_bipolar,NA,01;02;04;05;06;08;09;10;11;12;13;15;16;17;18;19;20;21;22;23;24;25;26;27;28;29;30;31;32;33;34;35;36;37;38;39;40;41;42;44;45;46;47;48;49;50;51;53;54;55;56;60;66;69;72;78,56,3205,52,9786,2021-12-31,2023-12-31
cms_chronic_kidney,cms,1,cms_mmd,direct,chronic_disease,other_chronic_conditions,percent,NA,0-100,Year,NA,NA,NA,NA,NA,NA,NA,NA,Y,Y,Y,TRUE,TRUE,TRUE,NA,primary,cms_chronic_kidney,NA,01;02;04;05;06;08;09;10;11;12;13;15;16;17;18;19;20;21;22;23;24;25;26;27;28;29;30;31;32;33;34;35;36;37;38;39;40;41;42;44;45;46;47;48;49;50;51;53;54;55;56;60;66;69;72;78,56,3205,52,9786,2021-12-31,2023-12-31
cms_colorectal_breast_prostate_lung_cancer,cms,1,cms_mmd,direct,chronic_disease,cancer,percent,NA,0-100,Year,NA,NA,NA,NA,NA,NA,NA,NA,Y,Y,Y,TRUE,TRUE,TRUE,NA,primary,cms_colorectal_breast_prostate_lung_cancer,NA,01;02;04;05;06;08;09;10;11;12;13;15;16;17;18;19;20;21;22;23;24;25;26;27;28;29;30;31;32;33;34;35;36;37;38;39;40;41;42;44;45;46;47;48;49;50;51;53;54;55;56;60;66;69;72;78,56,3205,52,9786,2021-12-31,2023-12-31
cms_copd,cms,1,cms_mmd,direct,chronic_disease,respiratory_disease,percent,NA,0-100,Year,NA,NA,NA,NA,NA,NA,NA,NA,Y,Y,Y,TRUE,TRUE,TRUE,NA,primary,cms_copd,NA,01;02;04;05;06;08;09;10;11;12;13;15;16;17;18;19;20;21;22;23;24;25;26;27;28;29;30;31;32;33;34;35;36;37;38;39;40;41;42;44;45;46;47;48;49;50;51;53;54;55;56;60;66;69;72;78,56,3205,52,9786,2021-12-31,2023-12-31
cms_depression,cms,1,cms_mmd,direct,mental_health,NA,percent,NA,0-100,Year,NA,NA,NA,NA,NA,NA,NA,NA,Y,Y,Y,TRUE,TRUE,TRUE,NA,primary,cms_depression,NA,01;02;04;05;06;08;09;10;11;12;13;15;16;17;18;19;20;21;22;23;24;25;26;27;28;29;30;31;32;33;34;35;36;37;38;39;40;41;42;44;45;46;47;48;49;50;51;53;54;55;56;60;66;69;72;78,56,3205,52,9786,2021-12-31,2023-12-31
cms_depressive_disorder,cms,1,cms_mmd,direct,mental_health,NA,percent,NA,0-100,Year,NA,NA,NA,NA,NA,NA,NA,NA,Y,Y,Y,TRUE,TRUE,TRUE,NA,primary,cms_depressive_disorder,NA,01;02;04;05;06;08;09;10;11;12;13;15;16;17;18;19;20;21;22;23;24;25;26;27;28;29;30;31;32;33;34;35;36;37;38;39;40;41;42;44;45;46;47;48;49;50;51;53;54;55;56;60;66;69;72;78,56,3205,52,9786,2021-12-31,2023-12-31
cms_diabetes,cms,1,cms_mmd,direct,chronic_disease,cardiovascular_metabolic,percent,NA,0-100,Year,NA,NA,NA,NA,NA,NA,NA,NA,Y,Y,Y,TRUE,TRUE,TRUE,NA,primary,cms_diabetes,NA,01;02;04;05;06;08;09;10;11;12;13;15;16;17;18;19;20;21;22;23;24;25;26;27;28;29;30;31;32;33;34;35;36;37;38;39;40;41;42;44;45;46;47;48;49;50;51;53;54;55;56;60;66;69;72;78,56,3205,52,9786,2021-12-31,2023-12-31
cms_drug_use_disorder,cms,1,cms_mmd,direct,substance_abuse,drug_use_and_overdose,percent,NA,0-100,Year,NA,NA,NA,NA,NA,NA,NA,NA,Y,Y,Y,TRUE,TRUE,TRUE,NA,primary,cms_drug_use_disorder,NA,01;02;04;05;06;08;09;10;11;12;13;15;16;17;18;19;20;21;22;23;24;25;26;27;28;29;30;31;32;33;34;35;36;37;38;39;40;41;42;44;45;46;47;48;49;50;51;53;54;55;56;60;66;69;72;78,56,3205,52,9786,2021-12-31,2023-12-31
cms_glaucoma,cms,1,cms_mmd,direct,chronic_disease,other_chronic_conditions,percent,NA,0-100,Year,NA,NA,NA,NA,NA,NA,NA,NA,Y,Y,Y,TRUE,TRUE,TRUE,NA,primary,cms_glaucoma,NA,01;02;04;05;06;08;09;10;11;12;13;15;16;17;18;19;20;21;22;23;24;25;26;27;28;29;30;31;32;33;34;35;36;37;38;39;40;41;42;44;45;46;47;48;49;50;51;53;54;55;56;60;66;69;72;78,56,3205,52,6524,2022-12-31,2023-12-31
cms_heart_failure_non_ischemic,cms,1,cms_mmd,direct,chronic_disease,cardiovascular_metabolic,percent,NA,0-100,Year,NA,NA,NA,NA,NA,NA,NA,NA,Y,Y,Y,TRUE,TRUE,TRUE,NA,primary,cms_heart_failure_non_ischemic,NA,01;02;04;05;06;08;09;10;11;12;13;15;16;17;18;19;20;21;22;23;24;25;26;27;28;29;30;31;32;33;34;35;36;37;38;39;40;41;42;44;45;46;47;48;49;50;51;53;54;55;56;60;66;69;72;78,56,3205,52,9786,2021-12-31,2023-12-31
cms_hip_pelvic_fracture,cms,1,cms_mmd,direct,chronic_disease,musculoskeletal,percent,NA,0-100,Year,NA,NA,NA,NA,NA,NA,NA,NA,Y,Y,Y,TRUE,TRUE,TRUE,NA,primary,cms_hip_pelvic_fracture,NA,01;02;04;05;06;08;09;10;11;12;13;15;16;17;18;19;20;21;22;23;24;25;26;27;28;29;30;31;32;33;34;35;36;37;38;39;40;41;42;44;45;46;47;48;49;50;51;53;54;55;56;60;66;69;72;78,56,3205,52,6524,2022-12-31,2023-12-31
cms_hyperlidipemia,cms,1,cms_mmd,direct,chronic_disease,cardiovascular_metabolic,percent,NA,0-100,Year,NA,NA,NA,NA,NA,NA,NA,NA,Y,Y,Y,TRUE,TRUE,TRUE,NA,primary,cms_hyperlidipemia,NA,01;02;04;05;06;08;09;10;11;12;13;15;16;17;18;19;20;21;22;23;24;25;26;27;28;29;30;31;32;33;34;35;36;37;38;39;40;41;42;44;45;46;47;48;49;50;51;53;54;55;56;60;66;69;72;78,56,3205,52,9786,2021-12-31,2023-12-31
cms_hypertension,cms,1,cms_mmd,direct,chronic_disease,cardiovascular_metabolic,percent,NA,0-100,Year,NA,NA,NA,NA,NA,NA,NA,NA,Y,Y,Y,TRUE,TRUE,TRUE,NA,primary,cms_hypertension,NA,01;02;04;05;06;08;09;10;11;12;13;15;16;17;18;19;20;21;22;23;24;25;26;27;28;29;30;31;32;33;34;35;36;37;38;39;40;41;42;44;45;46;47;48;49;50;51;53;54;55;56;60;66;69;72;78,56,3205,52,9786,2021-12-31,2023-12-31
cms_ischemic_heart_disease,cms,1,cms_mmd,direct,chronic_disease,cardiovascular_metabolic,percent,NA,0-100,Year,NA,NA,NA,NA,NA,NA,NA,NA,Y,Y,Y,TRUE,TRUE,TRUE,NA,primary,cms_ischemic_heart_disease,NA,01;02;04;05;06;08;09;10;11;12;13;15;16;17;18;19;20;21;22;23;24;25;26;27;28;29;30;31;32;33;34;35;36;37;38;39;40;41;42;44;45;46;47;48;49;50;51;53;54;55;56;60;66;69;72;78,56,3205,52,9786,2021-12-31,2023-12-31
cms_obesity,cms,1,cms_mmd,direct,chronic_disease,cardiovascular_metabolic,percent,NA,0-100,Year,NA,NA,NA,NA,NA,NA,NA,NA,Y,Y,Y,TRUE,TRUE,TRUE,NA,primary,cms_obesity,NA,01;02;04;05;06;08;09;10;11;12;13;15;16;17;18;19;20;21;22;23;24;25;26;27;28;29;30;31;32;33;34;35;36;37;38;39;40;41;42;44;45;46;47;48;49;50;51;53;54;55;56;60;66;69;72;78,56,3205,52,9786,2021-12-31,2023-12-31
cms_opioid_use_disorder_dx_px_based,cms,1,cms_mmd,direct,substance_abuse,drug_use_and_overdose,percent,NA,0-100,Year,NA,NA,NA,NA,NA,NA,NA,NA,Y,Y,Y,TRUE,TRUE,TRUE,NA,primary,cms_opioid_use_disorder_dx_px_based,NA,01;02;04;05;06;08;09;10;11;12;13;15;16;17;18;19;20;21;22;23;24;25;26;27;28;29;30;31;32;33;34;35;36;37;38;39;40;41;42;44;45;46;47;48;49;50;51;53;54;55;56;60;66;69;72;78,56,3205,52,9786,2021-12-31,2023-12-31
cms_opioid_use_disorder_overarching,cms,1,cms_mmd,direct,substance_abuse,drug_use_and_overdose,percent,NA,0-100,Year,NA,NA,NA,NA,NA,NA,NA,NA,Y,Y,Y,TRUE,TRUE,TRUE,NA,primary,cms_opioid_use_disorder_overarching,NA,01;02;04;05;06;08;09;10;11;12;13;15;16;17;18;19;20;21;22;23;24;25;26;27;28;29;30;31;32;33;34;35;36;37;38;39;40;41;42;44;45;46;47;48;49;50;51;53;54;55;56;60;66;69;72;78,56,3205,52,9786,2021-12-31,2023-12-31
cms_osteoporosis,cms,1,cms_mmd,direct,chronic_disease,musculoskeletal,percent,NA,0-100,Year,NA,NA,NA,NA,NA,NA,NA,NA,Y,Y,Y,TRUE,TRUE,TRUE,NA,primary,cms_osteoporosis,NA,01;02;04;05;06;08;09;10;11;12;13;15;16;17;18;19;20;21;22;23;24;25;26;27;28;29;30;31;32;33;34;35;36;37;38;39;40;41;42;44;45;46;47;48;49;50;51;53;54;55;56;60;66;69;72;78,56,3205,52,9786,2021-12-31,2023-12-31
cms_parkinsons,cms,1,cms_mmd,direct,chronic_disease,neurological,percent,NA,0-100,Year,NA,NA,NA,NA,NA,NA,NA,NA,Y,Y,Y,TRUE,TRUE,TRUE,NA,primary,cms_parkinsons,NA,01;02;04;05;06;08;09;10;11;12;13;15;16;17;18;19;20;21;22;23;24;25;26;27;28;29;30;31;32;33;34;35;36;37;38;39;40;41;42;44;45;46;47;48;49;50;51;53;54;55;56;60;66;69;72;78,56,3205,52,6524,2022-12-31,2023-12-31
cms_ptsd,cms,1,cms_mmd,direct,mental_health,NA,percent,NA,0-100,Year,NA,NA,NA,NA,NA,NA,NA,NA,Y,Y,Y,TRUE,TRUE,TRUE,NA,primary,cms_ptsd,NA,01;02;04;05;06;08;09;10;11;12;13;15;16;17;18;19;20;21;22;23;24;25;26;27;28;29;30;31;32;33;34;35;36;37;38;39;40;41;42;44;45;46;47;48;49;50;51;53;54;55;56;60;66;69;72;78,56,3205,52,9786,2021-12-31,2023-12-31
cms_rheumoatoid_arthritis,cms,1,cms_mmd,direct,chronic_disease,musculoskeletal,percent,NA,0-100,Year,NA,NA,NA,NA,NA,NA,NA,NA,Y,Y,Y,TRUE,TRUE,TRUE,NA,primary,cms_rheumoatoid_arthritis,NA,01;02;04;05;06;08;09;10;11;12;13;15;16;17;18;19;20;21;22;23;24;25;26;27;28;29;30;31;32;33;34;35;36;37;38;39;40;41;42;44;45;46;47;48;49;50;51;53;54;55;56;60;66;69;72;78,56,3205,52,9786,2021-12-31,2023-12-31
cms_schizophrenia,cms,1,cms_mmd,direct,mental_health,NA,percent,NA,0-100,Year,NA,NA,NA,NA,NA,NA,NA,NA,Y,Y,Y,TRUE,TRUE,TRUE,NA,primary,cms_schizophrenia,NA,01;02;04;05;06;08;09;10;11;12;13;15;16;17;18;19;20;21;22;23;24;25;26;27;28;29;30;31;32;33;34;35;36;37;38;39;40;41;42;44;45;46;47;48;49;50;51;53;54;55;56;60;66;69;72;78,56,3205,52,9786,2021-12-31,2023-12-31
cms_schizophrenia_other_psychotic,cms,1,cms_mmd,direct,mental_health,NA,percent,NA,0-100,Year,NA,NA,NA,NA,NA,NA,NA,NA,Y,Y,Y,TRUE,TRUE,TRUE,NA,primary,cms_schizophrenia_other_psychotic,NA,01;02;04;05;06;08;09;10;11;12;13;15;16;17;18;19;20;21;22;23;24;25;26;27;28;29;30;31;32;33;34;35;36;37;38;39;40;41;42;44;45;46;47;48;49;50;51;53;54;55;56;60;66;69;72;78,56,3205,52,9786,2021-12-31,2023-12-31
cms_scrn_prvnt_annual_wellness,cms,1,cms_mmd,direct,preventive_care,clinical_screenings,percent,NA,0-100,Year,NA,NA,NA,NA,NA,NA,NA,NA,Y,Y,Y,TRUE,TRUE,TRUE,NA,primary,cms_scrn_prvnt_annual_wellness,NA,01;02;04;05;06;08;09;10;11;12;13;15;16;17;18;19;20;21;22;23;24;25;26;27;28;29;30;31;32;33;34;35;36;37;38;39;40;41;42;44;45;46;47;48;49;50;51;53;54;55;56;60;66;69;72;78,56,3205,52,9785,2021-12-31,2023-12-31
cms_scrn_prvnt_cardiovascular_disease,cms,1,cms_mmd,direct,preventive_care,clinical_screenings,percent,NA,0-100,Year,NA,NA,NA,NA,NA,NA,NA,NA,Y,Y,Y,TRUE,TRUE,TRUE,NA,primary,cms_scrn_prvnt_cardiovascular_disease,NA,01;02;04;05;06;08;09;10;11;12;13;15;16;17;18;19;20;21;22;23;24;25;26;27;28;29;30;31;32;33;34;35;36;37;38;39;40;41;42;44;45;46;47;48;49;50;51;53;54;55;56;60;66;69;72;78,56,3205,52,9786,2021-12-31,2023-12-31
cms_scrn_prvnt_colorectal_cancer,cms,1,cms_mmd,direct,preventive_care,clinical_screenings,percent,NA,0-100,Year,NA,NA,NA,NA,NA,NA,NA,NA,Y,Y,Y,TRUE,TRUE,TRUE,NA,primary,cms_scrn_prvnt_colorectal_cancer,NA,01;02;04;05;06;08;09;10;11;12;13;15;16;17;18;19;20;21;22;23;24;25;26;27;28;29;30;31;32;33;34;35;36;37;38;39;40;41;42;44;45;46;47;48;49;50;51;53;54;55;56;60;66;69;72;78,56,3205,52,9786,2021-12-31,2023-12-31
cms_scrn_prvnt_depression,cms,1,cms_mmd,direct,preventive_care,clinical_screenings,percent,NA,0-100,Year,NA,NA,NA,NA,NA,NA,NA,NA,Y,Y,Y,TRUE,TRUE,TRUE,NA,primary,cms_scrn_prvnt_depression,NA,01;02;04;05;06;08;09;10;11;12;13;15;16;17;18;19;20;21;22;23;24;25;26;27;28;29;30;31;32;33;34;35;36;37;38;39;40;41;42;44;45;46;47;48;49;50;51;53;54;55;56;60;66;69;72;78,56,3205,52,9786,2021-12-31,2023-12-31
cms_scrn_prvnt_diabetes,cms,1,cms_mmd,direct,preventive_care,clinical_screenings,percent,NA,0-100,Year,NA,NA,NA,NA,NA,NA,NA,NA,Y,Y,Y,TRUE,TRUE,TRUE,NA,primary,cms_scrn_prvnt_diabetes,NA,01;02;04;05;06;08;09;10;11;12;13;15;16;17;18;19;20;21;22;23;24;25;26;27;28;29;30;31;32;33;34;35;36;37;38;39;40;41;42;44;45;46;47;48;49;50;51;53;54;55;56;60;66;69;72;78,56,3205,52,9786,2021-12-31,2023-12-31
cms_scrn_prvnt_influenza_vaccine,cms,1,cms_mmd,direct,preventive_care,immunizations,percent,NA,0-100,Year,NA,NA,NA,NA,NA,NA,NA,NA,Y,Y,Y,TRUE,TRUE,TRUE,NA,primary,cms_scrn_prvnt_influenza_vaccine,NA,01;02;04;05;06;08;09;10;11;12;13;15;16;17;18;19;20;21;22;23;24;25;26;27;28;29;30;31;32;33;34;35;36;37;38;39;40;41;42;44;45;46;47;48;49;50;51;53;54;55;56;60;66;69;72;78,56,3205,52,9786,2021-12-31,2023-12-31
cms_scrn_prvnt_mammogram,cms,1,cms_mmd,direct,preventive_care,sexual_and_reproductive_health,percent,NA,0-100,Year,NA,NA,NA,NA,NA,NA,NA,NA,Y,Y,Y,TRUE,TRUE,TRUE,NA,primary,cms_scrn_prvnt_mammogram,NA,01;02;04;05;06;08;09;10;11;12;13;15;16;17;18;19;20;21;22;23;24;25;26;27;28;29;30;31;32;33;34;35;36;37;38;39;40;41;42;44;45;46;47;48;49;50;51;53;54;55;56;60;66;69;72;78,56,3202,52,9775,2021-12-31,2023-12-31
cms_scrn_prvnt_pap_test,cms,1,cms_mmd,direct,preventive_care,sexual_and_reproductive_health,percent,NA,0-100,Year,NA,NA,NA,NA,NA,NA,NA,NA,Y,Y,Y,TRUE,TRUE,TRUE,NA,primary,cms_scrn_prvnt_pap_test,NA,01;02;04;05;06;08;09;10;11;12;13;15;16;17;18;19;20;21;22;23;24;25;26;27;28;29;30;31;32;33;34;35;36;37;38;39;40;41;42;44;45;46;47;48;49;50;51;53;54;55;56;60;66;69;72;78,56,3202,52,9775,2021-12-31,2023-12-31
cms_scrn_prvnt_pelvic_exam,cms,1,cms_mmd,direct,preventive_care,sexual_and_reproductive_health,percent,NA,0-100,Year,NA,NA,NA,NA,NA,NA,NA,NA,Y,Y,Y,TRUE,TRUE,TRUE,NA,primary,cms_scrn_prvnt_pelvic_exam,NA,01;02;04;05;06;08;09;10;11;12;13;15;16;17;18;19;20;21;22;23;24;25;26;27;28;29;30;31;32;33;34;35;36;37;38;39;40;41;42;44;45;46;47;48;49;50;51;53;54;55;56;60;66;69;72;78,56,3202,52,9775,2021-12-31,2023-12-31
cms_scrn_prvnt_pneumococcal_vaccine,cms,1,cms_mmd,direct,preventive_care,immunizations,percent,NA,0-100,Year,NA,NA,NA,NA,NA,NA,NA,NA,Y,Y,Y,TRUE,TRUE,TRUE,NA,primary,cms_scrn_prvnt_pneumococcal_vaccine,NA,01;02;04;05;06;08;09;10;11;12;13;15;16;17;18;19;20;21;22;23;24;25;26;27;28;29;30;31;32;33;34;35;36;37;38;39;40;41;42;44;45;46;47;48;49;50;51;53;54;55;56;60;66;69;72;78,56,3205,52,9786,2021-12-31,2023-12-31
cms_scrn_prvnt_prostate_cancer,cms,1,cms_mmd,direct,preventive_care,clinical_screenings,percent,NA,0-100,Year,NA,NA,NA,NA,NA,NA,NA,NA,Y,Y,Y,TRUE,TRUE,TRUE,NA,primary,cms_scrn_prvnt_prostate_cancer,NA,01;02;04;05;06;08;09;10;11;12;13;15;16;17;18;19;20;21;22;23;24;25;26;27;28;29;30;31;32;33;34;35;36;37;38;39;40;41;42;44;45;46;47;48;49;50;51;53;54;55;56;60;66;69;72;78,56,3202,52,9776,2021-12-31,2023-12-31
cms_scrn_prvnt_sti,cms,1,cms_mmd,direct,preventive_care,sexual_and_reproductive_health,percent,NA,0-100,Year,NA,NA,NA,NA,NA,NA,NA,NA,Y,Y,Y,TRUE,TRUE,TRUE,NA,primary,cms_scrn_prvnt_sti,NA,01;02;04;05;06;08;09;10;11;12;13;15;16;17;18;19;20;21;22;23;24;25;26;27;28;29;30;31;32;33;34;35;36;37;38;39;40;41;42;44;45;46;47;48;49;50;51;53;54;55;56;60;66;69;72;78,56,3205,52,9786,2021-12-31,2023-12-31
cms_stroke_ischemic_attack,cms,1,cms_mmd,direct,chronic_disease,cardiovascular_metabolic,percent,NA,0-100,Year,NA,NA,NA,NA,NA,NA,NA,NA,Y,Y,Y,TRUE,TRUE,TRUE,NA,primary,cms_stroke_ischemic_attack,NA,01;02;04;05;06;08;09;10;11;12;13;15;16;17;18;19;20;21;22;23;24;25;26;27;28;29;30;31;32;33;34;35;36;37;38;39;40;41;42;44;45;46;47;48;49;50;51;53;54;55;56;60;66;69;72;78,56,3205,52,9786,2021-12-31,2023-12-31
cms_tobacco_use_disorder,cms,1,cms_mmd,direct,substance_abuse,tobacco_use,percent,NA,0-100,Year,NA,NA,NA,NA,NA,NA,NA,NA,Y,Y,Y,TRUE,TRUE,TRUE,NA,primary,cms_tobacco_use_disorder,NA,01;02;04;05;06;08;09;10;11;12;13;15;16;17;18;19;20;21;22;23;24;25;26;27;28;29;30;31;32;33;34;35;36;37;38;39;40;41;42;44;45;46;47;48;49;50;51;53;54;55;56;60;66;69;72;78,56,3205,52,9786,2021-12-31,2023-12-31
delphi_doc_covid_smooth,delphi_doctor_visits,1,NA,direct,infectious_disease,NA,percent,NA,0-100,Week,NA,NA,NA,NA,NA,NA,NA,NA,Y,Y,Y,TRUE,TRUE,TRUE,NA,primary,delphi_doc_covid_smooth,NA,01;02;04;05;06;08;09;10;11;12;13;15;16;17;18;19;20;21;22;23;24;25;26;27;28;29;30;31;32;33;34;35;36;37;38;39;40;41;42;44;45;46;47;48;49;50;51;53;54;55;56;72,52,2593,53,756105,2019-10-12,2026-08-22
delphi_hospital_covid_smooth,delphi_hospital_admissions,1,NA,direct,infectious_disease,NA,percent,NA,0-100,Week,NA,NA,NA,NA,NA,NA,NA,NA,Y,Y,Y,TRUE,TRUE,TRUE,NA,primary,delphi_hospital_covid_smooth,NA,01;02;04;05;06;08;09;10;11;12;13;15;16;17;18;19;20;21;22;23;24;25;26;27;28;29;30;31;32;33;34;35;36;37;38;39;40;41;42;44;45;46;47;48;49;50;51;53;54;55;56,51,1634,51,245166,2019-10-12,2026-08-22
delphi_hospital_flu_smooth,delphi_hospital_admissions,1,NA,direct,infectious_disease,NA,percent,NA,0-100,Week,NA,NA,NA,NA,NA,NA,NA,NA,Y,Y,Y,TRUE,TRUE,TRUE,NA,primary,delphi_hospital_flu_smooth,NA,01;02;04;05;06;08;09;10;11;12;13;15;16;17;18;19;20;21;22;23;24;25;26;27;28;29;30;31;32;33;34;35;36;37;38;39;40;41;42;44;45;46;47;48;49;50;51;53;54;55;56,51,1634,51,245166,2019-10-12,2026-08-22
epic_diabetes_dx_ccw,epic,1,epic_chronic,direct,chronic_disease,cardiovascular_metabolic,percent,NA,0-100,Year,NA,NA,NA,NA,NA,NA,NA,NA,Y,Y,Y,TRUE,TRUE,TRUE,NA,primary,epic_diabetes_dx_ccw,NA,01;02;04;05;06;08;09;10;11;12;13;15;16;17;18;19;20;21;22;23;24;25;26;27;28;29;30;31;32;33;34;35;36;37;38;39;40;41;42;44;45;46;47;48;49;50;51;53;54;55;56,51,3137,50,9931,2016-01-01,2025-01-01
epic_diabetes_hba1c,epic,1,epic_chronic,direct,chronic_disease,cardiovascular_metabolic,percent,NA,0-100,Year,NA,NA,NA,NA,NA,NA,NA,NA,Y,Y,Y,TRUE,TRUE,TRUE,NA,primary,epic_diabetes_hba1c,NA,01;02;04;05;06;08;09;10;11;12;13;15;16;17;18;19;20;21;22;23;24;25;26;27;28;29;30;31;32;33;34;35;36;37;38;39;40;41;42;44;45;46;47;48;49;50;51;53;54;55;56,51,3137,50,3657,2016-01-01,2025-12-31
epic_heat_ed_rate,epic,1,epic_injury,direct,environmental_health,other_environmental_hazards,number,"Per 100,000 ED visits",NA,Year,NA,NA,NA,NA,NA,NA,NA,NA,Y,Y,Y,FALSE,FALSE,TRUE,expected_national_absent,primary,epic_heat_ed_rate,NA,NA,NA,3110,50,24572,2018-01-01,2025-01-01
epic_obesity_bmi,epic,1,epic_chronic,direct,chronic_disease,cardiovascular_metabolic,percent,NA,0-100,Year,NA,NA,NA,NA,NA,NA,NA,NA,Y,Y,Y,TRUE,TRUE,TRUE,NA,primary,epic_obesity_bmi,NA,01;02;04;05;06;08;09;10;11;12;13;15;16;17;18;19;20;21;22;23;24;25;26;27;28;29;30;31;32;33;34;35;36;37;38;39;40;41;42;44;45;46;47;48;49;50;51;53;54;55;56,51,3137,50,3657,2016-01-01,2025-12-31
epic_obesity_dx_ccw,epic,1,epic_chronic,direct,chronic_disease,cardiovascular_metabolic,percent,NA,0-100,Year,NA,NA,NA,NA,NA,NA,NA,NA,Y,Y,Y,TRUE,TRUE,TRUE,NA,primary,epic_obesity_dx_ccw,NA,01;02;04;05;06;08;09;10;11;12;13;15;16;17;18;19;20;21;22;23;24;25;26;27;28;29;30;31;32;33;34;35;36;37;38;39;40;41;42;44;45;46;47;48;49;50;51;53;54;55;56,51,3137,50,9931,2016-01-01,2025-01-01
exempt_mmr_medical,fattah,1,vaccine_exemptions_fattah,direct,preventive_care,immunizations,percent,NA,0-100,Year,NA,NA,NA,NA,NA,NA,NA,NA,Y,Y,Y,TRUE,TRUE,TRUE,NA,primary,exempt_mmr_medical,NA,02;10;18;44;54,5,2730,45,28790,2009-09-01,2025-09-01
exempt_mmr_nonmedical,fattah,1,vaccine_exemptions_fattah,direct,preventive_care,immunizations,percent,NA,0-100,Year,NA,NA,NA,NA,NA,NA,NA,NA,Y,Y,Y,TRUE,TRUE,TRUE,NA,primary,exempt_mmr_nonmedical,NA,02;10;18;44;54,5,2904,48,30341,2009-09-01,2025-09-01
healthmap_mmr_coverage,healthmap,1,mmr_healthmap,direct,preventive_care,immunizations,percent,NA,0-100,Year,NA,NA,NA,NA,NA,NA,NA,NA,Y,Y,N-A,TRUE,TRUE,TRUE,NA,primary,healthmap_mmr_coverage,NA,01;04;05;06;08;09;10;11;12;13;16;17;18;19;20;21;22;23;24;25;26;27;28;29;30;31;32;33;34;35;36;37;38;39;40;41;42;44;45;46;47;48;49;50;51;53;54;55;56,49,3109,49,3159,2024-12-31,2024-12-31
hud_pct_severe_housing_problems,hud_chas,1,hud_chas,direct,social_determinants_of_health,neighborhood_and_built_environment,percent,NA,0-1,Year,NA,NA,NA,NA,NA,NA,NA,NA,Y,Y,Y,FALSE,TRUE,TRUE,expected_national_absent,primary,severe_housing_problems,"the same HUD CHAS definition pulled directly -- close but not bit-identical to chr_severe_housing_problems (checked CT 2022: 0.1744 vs. 0.1774), most likely a different CHAS release vintage",01;02;04;05;06;08;09;10;11;12;13;15;16;17;18;19;20;21;22;23;24;25;26;27;28;29;30;31;32;33;34;35;36;37;38;39;40;41;42;44;45;46;47;48;49;50;51;53;54;55;56;72,52,3222,52,3274,2022-12-31,2022-12-31
jhu_measles_cases,jhu_measles,1,measles_jhu,direct,infectious_disease,NA,number,NA,NA,Week,NA,NA,NA,NA,NA,NA,NA,NA,Y,Y,N-A,TRUE,TRUE,TRUE,NA,primary,jhu_measles_cases,NA,01;02;04;05;06;08;09;10;11;12;13;15;16;17;18;19;20;21;22;23;24;25;26;27;29;30;31;32;34;35;36;37;38;39;40;41;42;44;45;46;47;48;49;50;51;53;54;55;56,49,354,49,33986,2025-01-11,2026-08-22
nchs_deaths_all_cause,nchs,1,nchs_mortality,direct,overall_health_status_and_mortality,mortality_data_and_completeness,number,NA,NA,Month,NA,NA,NA,NA,NA,NA,NA,NA,Y,Y,Y,FALSE,TRUE,FALSE,expected_national_absent,primary,nchs_deaths_all_cause,NA,01;02;04;05;06;08;09;10;11;12;13;15;16;17;18;19;20;21;22;23;24;25;26;27;28;29;30;31;32;33;34;35;36;37;38;39;40;41;42;44;45;46;47;48;49;50;51;53;54;55;56;72,52,NA,NA,7020,2015-01-31,2026-03-31
nchs_deaths_any_opioid,nchs,1,nchs_mortality,direct,substance_abuse,drug_use_and_overdose,number,NA,NA,Month,NA,NA,NA,NA,NA,NA,NA,NA,Y,Y,Y,FALSE,TRUE,FALSE,expected_national_absent,primary,nchs_deaths_any_opioid,NA,01;02;04;05;06;08;09;10;11;12;13;15;16;17;18;19;20;21;23;24;25;26;27;28;29;30;31;32;33;34;35;36;37;38;39;40;41;42;44;45;46;47;48;49;50;51;53;54;55;56;72,51,NA,NA,5359,2015-01-31,2026-03-31
nchs_deaths_cocaine,nchs,1,nchs_mortality,direct,substance_abuse,drug_use_and_overdose,number,NA,NA,Month,NA,NA,NA,NA,NA,NA,NA,NA,Y,Y,Y,FALSE,TRUE,FALSE,expected_national_absent,primary,nchs_deaths_cocaine,NA,01;02;04;05;06;08;09;10;11;12;13;15;16;17;18;19;20;21;23;24;25;26;27;28;29;30;31;32;33;34;35;36;37;38;39;40;41;42;44;45;46;47;48;49;50;51;53;54;55;56;72,51,NA,NA,4980,2015-01-31,2026-03-31
nchs_deaths_heroin,nchs,1,nchs_mortality,direct,substance_abuse,drug_use_and_overdose,number,NA,NA,Month,NA,NA,NA,NA,NA,NA,NA,NA,Y,Y,Y,FALSE,TRUE,FALSE,expected_national_absent,primary,nchs_deaths_heroin,NA,01;02;04;05;06;08;09;10;11;12;13;15;16;17;18;19;20;21;23;24;25;26;27;28;29;30;31;32;33;34;35;36;37;38;39;40;41;42;44;45;46;47;48;49;50;51;53;54;55;56;72,51,NA,NA,4615,2015-01-31,2026-03-31
nchs_deaths_methadone,nchs,1,nchs_mortality,direct,substance_abuse,drug_use_and_overdose,number,NA,NA,Month,NA,NA,NA,NA,NA,NA,NA,NA,Y,Y,Y,FALSE,TRUE,FALSE,expected_national_absent,primary,nchs_deaths_methadone,NA,01;02;04;05;06;08;09;10;11;12;13;15;16;17;18;19;20;21;23;24;25;26;27;28;29;30;31;32;33;34;35;36;37;39;40;41;42;44;45;46;47;48;49;50;51;53;54;55;56;72,50,NA,NA,4661,2015-01-31,2026-03-31
nchs_overdose_deaths,nchs,1,nchs_mortality,direct,substance_abuse,drug_use_and_overdose,number,NA,NA,Month,NA,NA,NA,NA,NA,NA,NA,NA,Y,Y,Y,TRUE,TRUE,TRUE,NA,primary,drug_overdose_mortality,raw provisional monthly count (VSRR),01;02;04;05;06;08;09;10;11;12;13;15;16;17;18;19;20;21;22;23;24;25;26;27;28;29;30;31;32;33;34;35;36;37;38;39;40;41;42;44;45;46;47;48;49;50;51;53;54;55;56;72,52,2883,51,127133,2015-01-31,2026-03-31
nchs_overdose_pct_pending,nchs,1,nchs_mortality,direct,substance_abuse,drug_use_and_overdose,percent,NA,0-100,Month,NA,NA,NA,NA,NA,NA,NA,NA,Y,Y,Y,TRUE,TRUE,TRUE,NA,qa-only,nchs_overdose_pct_pending,NA,01;02;04;05;06;08;09;10;11;12;13;15;16;17;18;19;20;21;22;23;24;25;26;27;28;29;30;31;32;33;34;35;36;37;38;39;40;41;42;44;45;46;47;48;49;50;51;53;54;55;56;72,52,3142,51,233379,2015-01-31,2026-03-31
nchs_overdose_rate,nchs,1,bundle_injury_overdose,direct,substance_abuse,drug_use_and_overdose,number,"Deaths per 100,000 population",NA,Year,NA,NA,NA,NA,NA,NA,NA,NA,Y,Y,Y,TRUE,TRUE,TRUE,NA,primary,drug_overdose_mortality,provisional annual crude rate (VSRR),01;02;04;05;06;08;09;10;11;12;13;15;16;17;18;19;20;21;22;23;24;25;26;27;28;29;30;31;32;33;34;35;36;37;38;39;40;41;42;44;45;46;47;48;49;50;51;53;54;55;56,51,3141,51,19418,2015-12-31,2025-12-31
nchs_pct_complete,nchs,1,nchs_mortality,direct,overall_health_status_and_mortality,mortality_data_and_completeness,percent,NA,0-100,Month,NA,NA,NA,NA,NA,NA,NA,NA,Y,Y,Y,FALSE,TRUE,FALSE,expected_national_absent,qa-only,nchs_pct_complete,NA,01;02;04;05;06;08;09;10;11;12;13;15;16;17;18;19;20;21;22;23;24;25;26;27;28;29;30;31;32;33;34;35;36;37;38;39;40;41;42;44;45;46;47;48;49;50;51;53;54;55;56;72,52,NA,NA,7020,2015-01-31,2026-03-31
nchs_rate_all_causes,nchs,1,nchs_mortality,direct,overall_health_status_and_mortality,mortality_data_and_completeness,number,"Per 100,000 population",NA,Year,NA,NA,NA,NA,NA,NA,NA,NA,Y,Y,N-A,TRUE,TRUE,FALSE,NA,primary,nchs_rate_all_causes,NA,01;02;04;05;06;08;09;10;12;13;15;16;17;18;19;20;21;22;23;24;25;26;27;28;29;30;31;32;33;34;35;36;37;38;39;40;41;42;44;45;46;47;48;49;50;51;53;54;55;56,50,NA,NA,561,2023-01-01,2025-07-01
nchs_rate_alzheimer_disease,nchs,1,nchs_mortality,direct,chronic_disease,neurological,number,"Per 100,000 population",NA,Year,NA,NA,NA,NA,NA,NA,NA,NA,Y,Y,N-A,TRUE,TRUE,FALSE,NA,primary,nchs_rate_alzheimer_disease,NA,01;02;04;05;06;08;09;10;12;13;15;16;17;18;19;20;21;22;23;24;25;26;27;28;29;30;31;32;33;34;35;36;37;38;39;40;41;42;44;45;46;47;48;49;50;51;53;54;55;56,50,NA,NA,561,2023-01-01,2025-07-01
nchs_rate_cancer,nchs,1,nchs_mortality,direct,chronic_disease,cancer,number,"Per 100,000 population",NA,Year,NA,NA,NA,NA,NA,NA,NA,NA,Y,Y,N-A,TRUE,TRUE,FALSE,NA,primary,nchs_rate_cancer,NA,01;02;04;05;06;08;09;10;12;13;15;16;17;18;19;20;21;22;23;24;25;26;27;28;29;30;31;32;33;34;35;36;37;38;39;40;41;42;44;45;46;47;48;49;50;51;53;54;55;56,50,NA,NA,561,2023-01-01,2025-07-01
nchs_rate_chronic_liver_disease_and_cirrhosis,nchs,1,nchs_mortality,direct,chronic_disease,other_chronic_conditions,number,"Per 100,000 population",NA,Year,NA,NA,NA,NA,NA,NA,NA,NA,Y,Y,N-A,TRUE,TRUE,FALSE,NA,primary,nchs_rate_chronic_liver_disease_and_cirrhosis,NA,01;02;04;05;06;08;09;10;12;13;15;16;17;18;19;20;21;22;23;24;25;26;27;28;29;30;31;32;33;34;35;36;37;38;39;40;41;42;44;45;46;47;48;49;50;51;53;54;55;56,50,NA,NA,561,2023-01-01,2025-07-01
nchs_rate_chronic_lower_respiratory_diseases,nchs,1,nchs_mortality,direct,chronic_disease,respiratory_disease,number,"Per 100,000 population",NA,Year,NA,NA,NA,NA,NA,NA,NA,NA,Y,Y,N-A,TRUE,TRUE,FALSE,NA,primary,nchs_rate_chronic_lower_respiratory_diseases,NA,01;02;04;05;06;08;09;10;12;13;15;16;17;18;19;20;21;22;23;24;25;26;27;28;29;30;31;32;33;34;35;36;37;38;39;40;41;42;44;45;46;47;48;49;50;51;53;54;55;56,50,NA,NA,561,2023-01-01,2025-07-01
nchs_rate_covid_19,nchs,1,nchs_mortality,direct,infectious_disease,NA,number,"Per 100,000 population",NA,Year,NA,NA,NA,NA,NA,NA,NA,NA,Y,Y,N-A,TRUE,TRUE,FALSE,NA,primary,nchs_rate_covid_19,NA,01;02;04;05;06;08;09;10;12;13;15;16;17;18;19;20;21;22;23;24;25;26;27;28;29;30;31;32;33;34;35;36;37;38;39;40;41;42;44;45;46;47;48;49;50;51;53;54;55;56,50,NA,NA,561,2023-01-01,2025-07-01
nchs_rate_diabetes,nchs,1,nchs_mortality,direct,chronic_disease,cardiovascular_metabolic,number,"Per 100,000 population",NA,Year,NA,NA,NA,NA,NA,NA,NA,NA,Y,Y,N-A,TRUE,TRUE,FALSE,NA,primary,nchs_rate_diabetes,NA,01;02;04;05;06;08;09;10;12;13;15;16;17;18;19;20;21;22;23;24;25;26;27;28;29;30;31;32;33;34;35;36;37;38;39;40;41;42;44;45;46;47;48;49;50;51;53;54;55;56,50,NA,NA,561,2023-01-01,2025-07-01
nchs_rate_drug_overdose,nchs,1,nchs_mortality,direct,substance_abuse,drug_use_and_overdose,number,"Per 100,000 population",NA,Year,NA,NA,NA,NA,NA,NA,NA,NA,Y,Y,N-A,TRUE,TRUE,FALSE,NA,primary,drug_overdose_mortality,provisional quarterly age-adjusted rate (VSRR),01;02;04;05;06;08;09;10;12;13;15;16;17;18;19;20;21;22;23;24;25;26;27;28;29;30;31;32;33;34;35;36;37;38;39;40;41;42;44;45;46;47;48;49;50;51;53;54;55;56,50,NA,NA,510,2023-01-01,2025-04-01
nchs_rate_falls_ages_65_and_over,nchs,1,nchs_mortality,direct,injury_and_violence,NA,number,"Per 100,000 population",NA,Year,NA,NA,NA,NA,NA,NA,NA,NA,Y,Y,N-A,TRUE,TRUE,FALSE,NA,primary,nchs_rate_falls_ages_65_and_over,NA,01;02;04;05;06;08;09;10;12;13;15;16;17;18;19;20;21;22;23;24;25;26;27;28;29;30;31;32;33;34;35;36;37;38;39;40;41;42;44;45;46;47;48;49;50;51;53;54;55;56,50,NA,NA,510,2023-01-01,2025-04-01
nchs_rate_firearm_related_injury,nchs,1,nchs_mortality,direct,injury_and_violence,NA,number,"Per 100,000 population",NA,Year,NA,NA,NA,NA,NA,NA,NA,NA,Y,Y,N-A,TRUE,TRUE,FALSE,NA,primary,nchs_rate_firearm_related_injury,NA,01;02;04;05;06;08;09;10;12;13;15;16;17;18;19;20;21;22;23;24;25;26;27;28;29;30;31;32;33;34;35;36;37;38;39;40;41;42;44;45;46;47;48;49;50;51;53;54;55;56,50,NA,NA,510,2023-01-01,2025-04-01
nchs_rate_heart_disease,nchs,1,nchs_mortality,direct,chronic_disease,cardiovascular_metabolic,number,"Per 100,000 population",NA,Year,NA,NA,NA,NA,NA,NA,NA,NA,Y,Y,N-A,TRUE,TRUE,FALSE,NA,primary,nchs_rate_heart_disease,NA,01;02;04;05;06;08;09;10;12;13;15;16;17;18;19;20;21;22;23;24;25;26;27;28;29;30;31;32;33;34;35;36;37;38;39;40;41;42;44;45;46;47;48;49;50;51;53;54;55;56,50,NA,NA,561,2023-01-01,2025-07-01
nchs_rate_hiv_disease,nchs,1,nchs_mortality,direct,infectious_disease,NA,number,"Per 100,000 population",NA,Year,NA,NA,NA,NA,NA,NA,NA,NA,Y,Y,N-A,TRUE,TRUE,FALSE,NA,primary,nchs_rate_hiv_disease,NA,01;02;04;05;06;08;09;10;12;13;15;16;17;18;19;20;21;22;23;24;25;26;27;28;29;30;31;32;33;34;35;36;37;38;39;40;41;42;44;45;46;47;48;49;50;51;53;54;55;56,50,NA,NA,518,2023-01-01,2025-07-01
nchs_rate_homicide,nchs,1,nchs_mortality,direct,injury_and_violence,NA,number,"Per 100,000 population",NA,Year,NA,NA,NA,NA,NA,NA,NA,NA,Y,Y,N-A,TRUE,TRUE,FALSE,NA,primary,nchs_rate_homicide,NA,01;02;04;05;06;08;09;10;12;13;15;16;17;18;19;20;21;22;23;24;25;26;27;28;29;30;31;32;33;34;35;36;37;38;39;40;41;42;44;45;46;47;48;49;50;51;53;54;55;56,50,NA,NA,510,2023-01-01,2025-04-01
nchs_rate_hypertension,nchs,1,nchs_mortality,direct,chronic_disease,cardiovascular_metabolic,number,"Per 100,000 population",NA,Year,NA,NA,NA,NA,NA,NA,NA,NA,Y,Y,N-A,TRUE,TRUE,FALSE,NA,primary,nchs_rate_hypertension,NA,01;02;04;05;06;08;09;10;12;13;15;16;17;18;19;20;21;22;23;24;25;26;27;28;29;30;31;32;33;34;35;36;37;38;39;40;41;42;44;45;46;47;48;49;50;51;53;54;55;56,50,NA,NA,561,2023-01-01,2025-07-01
nchs_rate_influenza_and_pneumonia,nchs,1,nchs_mortality,direct,infectious_disease,NA,number,"Per 100,000 population",NA,Year,NA,NA,NA,NA,NA,NA,NA,NA,Y,Y,N-A,TRUE,TRUE,FALSE,NA,primary,nchs_rate_influenza_and_pneumonia,NA,01;02;04;05;06;08;09;10;12;13;15;16;17;18;19;20;21;22;23;24;25;26;27;28;29;30;31;32;33;34;35;36;37;38;39;40;41;42;44;45;46;47;48;49;50;51;53;54;55;56,50,NA,NA,561,2023-01-01,2025-07-01
nchs_rate_kidney_disease,nchs,1,nchs_mortality,direct,chronic_disease,other_chronic_conditions,number,"Per 100,000 population",NA,Year,NA,NA,NA,NA,NA,NA,NA,NA,Y,Y,N-A,TRUE,TRUE,FALSE,NA,primary,nchs_rate_kidney_disease,NA,01;02;04;05;06;08;09;10;12;13;15;16;17;18;19;20;21;22;23;24;25;26;27;28;29;30;31;32;33;34;35;36;37;38;39;40;41;42;44;45;46;47;48;49;50;51;53;54;55;56,50,NA,NA,561,2023-01-01,2025-07-01
nchs_rate_parkinson_disease,nchs,1,nchs_mortality,direct,chronic_disease,neurological,number,"Per 100,000 population",NA,Year,NA,NA,NA,NA,NA,NA,NA,NA,Y,Y,N-A,TRUE,TRUE,FALSE,NA,primary,nchs_rate_parkinson_disease,NA,01;02;04;05;06;08;09;10;12;13;15;16;17;18;19;20;21;22;23;24;25;26;27;28;29;30;31;32;33;34;35;36;37;38;39;40;41;42;44;45;46;47;48;49;50;51;53;54;55;56,50,NA,NA,561,2023-01-01,2025-07-01
nchs_rate_pneumonitis_due_to_solids_and_liquids,nchs,1,nchs_mortality,direct,chronic_disease,respiratory_disease,number,"Per 100,000 population",NA,Year,NA,NA,NA,NA,NA,NA,NA,NA,Y,Y,N-A,TRUE,TRUE,FALSE,NA,primary,nchs_rate_pneumonitis_due_to_solids_and_liquids,NA,01;02;04;05;06;08;09;10;12;13;15;16;17;18;19;20;21;22;23;24;25;26;27;28;29;30;31;32;33;34;35;36;37;38;39;40;41;42;44;45;46;47;48;49;50;51;53;54;55;56,50,NA,NA,561,2023-01-01,2025-07-01
nchs_rate_stroke,nchs,1,nchs_mortality,direct,chronic_disease,cardiovascular_metabolic,number,"Per 100,000 population",NA,Year,NA,NA,NA,NA,NA,NA,NA,NA,Y,Y,N-A,TRUE,TRUE,FALSE,NA,primary,nchs_rate_stroke,NA,01;02;04;05;06;08;09;10;12;13;15;16;17;18;19;20;21;22;23;24;25;26;27;28;29;30;31;32;33;34;35;36;37;38;39;40;41;42;44;45;46;47;48;49;50;51;53;54;55;56,50,NA,NA,561,2023-01-01,2025-07-01
nchs_rate_suicide,nchs,1,nchs_mortality,direct,injury_and_violence,NA,number,"Per 100,000 population",NA,Year,NA,NA,NA,NA,NA,NA,NA,NA,Y,Y,N-A,TRUE,TRUE,FALSE,NA,primary,nchs_rate_suicide,NA,01;02;04;05;06;08;09;10;12;13;15;16;17;18;19;20;21;22;23;24;25;26;27;28;29;30;31;32;33;34;35;36;37;38;39;40;41;42;44;45;46;47;48;49;50;51;53;54;55;56,50,NA,NA,510,2023-01-01,2025-04-01
nchs_rate_unintentional_injuries,nchs,1,nchs_mortality,direct,injury_and_violence,NA,number,"Per 100,000 population",NA,Year,NA,NA,NA,NA,NA,NA,NA,NA,Y,Y,N-A,TRUE,TRUE,FALSE,NA,primary,nchs_rate_unintentional_injuries,NA,01;02;04;05;06;08;09;10;12;13;15;16;17;18;19;20;21;22;23;24;25;26;27;28;29;30;31;32;33;34;35;36;37;38;39;40;41;42;44;45;46;47;48;49;50;51;53;54;55;56,50,NA,NA,510,2023-01-01,2025-04-01
nhtsa_cyclist_involved,nhtsa_fars,1,nhtsa_crash,direct,injury_and_violence,NA,number,Deaths,NA,Year,NA,NA,NA,NA,NA,NA,NA,NA,Y,Y,Y,FALSE,TRUE,TRUE,expected_national_absent,primary,nhtsa_cyclist_involved,NA,01;02;04;05;06;08;09;10;11;12;13;15;16;17;18;19;20;21;22;23;24;25;26;27;28;29;30;31;32;33;34;35;36;37;38;39;40;41;42;44;45;46;47;48;49;50;51;53;54;55;56,51,3141,51,73253,2000-12-31,2024-12-31
nhtsa_fatal_crashes,nhtsa_fars,1,nhtsa_crash,direct,injury_and_violence,NA,number,Crashes,NA,Year,NA,NA,NA,NA,NA,NA,NA,NA,Y,Y,Y,FALSE,TRUE,TRUE,expected_national_absent,primary,nhtsa_fatal_crashes,NA,01;02;04;05;06;08;09;10;11;12;13;15;16;17;18;19;20;21;22;23;24;25;26;27;28;29;30;31;32;33;34;35;36;37;38;39;40;41;42;44;45;46;47;48;49;50;51;53;54;55;56,51,3140,51,73298,2000-12-31,2024-12-31
nhtsa_fatalities,nhtsa_fars,1,nhtsa_crash,direct,injury_and_violence,NA,number,Deaths,NA,Year,NA,NA,NA,NA,NA,NA,NA,NA,Y,Y,Y,FALSE,TRUE,TRUE,expected_national_absent,primary,nhtsa_fatalities,NA,01;02;04;05;06;08;09;10;11;12;13;15;16;17;18;19;20;21;22;23;24;25;26;27;28;29;30;31;32;33;34;35;36;37;38;39;40;41;42;44;45;46;47;48;49;50;51;53;54;55;56,51,3140,51,73298,2000-12-31,2024-12-31
nhtsa_fatality_rate,nhtsa_fars,1,nhtsa_crash,direct,injury_and_violence,NA,number,"Deaths per 100,000",NA,Year,NA,NA,NA,NA,NA,NA,NA,NA,Y,Y,Y,FALSE,TRUE,TRUE,expected_national_absent,primary,nhtsa_fatality_rate,NA,01;02;04;05;06;08;09;10;11;12;13;15;16;17;18;19;20;21;22;23;24;25;26;27;28;29;30;31;32;33;34;35;36;37;38;39;40;41;42;44;45;46;47;48;49;50;51;53;54;55;56,51,3140,51,73298,2000-12-31,2024-12-31
nhtsa_pedestrian_involved,nhtsa_fars,1,nhtsa_crash,direct,injury_and_violence,NA,number,Deaths,NA,Year,NA,NA,NA,NA,NA,NA,NA,NA,Y,Y,Y,FALSE,TRUE,TRUE,expected_national_absent,primary,nhtsa_pedestrian_involved,NA,01;02;04;05;06;08;09;10;11;12;13;15;16;17;18;19;20;21;22;23;24;25;26;27;28;29;30;31;32;33;34;35;36;37;38;39;40;41;42;44;45;46;47;48;49;50;51;53;54;55;56,51,3141,51,73253,2000-12-31,2024-12-31
nhtsa_rural,nhtsa_fars,1,nhtsa_crash,direct,injury_and_violence,NA,number,Deaths,NA,Year,NA,NA,NA,NA,NA,NA,NA,NA,Y,Y,Y,FALSE,TRUE,TRUE,expected_national_absent,primary,nhtsa_rural,NA,01;02;04;05;06;08;09;10;11;12;13;15;16;17;18;19;20;21;22;23;24;25;26;27;28;29;30;31;32;33;34;35;36;37;38;39;40;41;42;44;45;46;47;48;49;50;51;53;54;55;56,51,3141,51,73253,2000-12-31,2024-12-31
nhtsa_single_vehicle,nhtsa_fars,1,nhtsa_crash,direct,injury_and_violence,NA,number,Deaths,NA,Year,NA,NA,NA,NA,NA,NA,NA,NA,Y,Y,Y,FALSE,TRUE,TRUE,expected_national_absent,primary,nhtsa_single_vehicle,NA,01;02;04;05;06;08;09;10;11;12;13;15;16;17;18;19;20;21;22;23;24;25;26;27;28;29;30;31;32;33;34;35;36;37;38;39;40;41;42;44;45;46;47;48;49;50;51;53;54;55;56,51,3141,51,73253,2000-12-31,2024-12-31
nhtsa_urban,nhtsa_fars,1,nhtsa_crash,direct,injury_and_violence,NA,number,Deaths,NA,Year,NA,NA,NA,NA,NA,NA,NA,NA,Y,Y,Y,FALSE,TRUE,TRUE,expected_national_absent,primary,nhtsa_urban,NA,01;02;04;05;06;08;09;10;11;12;13;15;16;17;18;19;20;21;22;23;24;25;26;27;28;29;30;31;32;33;34;35;36;37;38;39;40;41;42;44;45;46;47;48;49;50;51;53;54;55;56,51,3141,51,73253,2000-12-31,2024-12-31
nis_1_dose_mmr,nis,1,bundle_childhood_immunizations,direct,preventive_care,immunizations,percent,NA,0-100,Year,NA,NA,NA,NA,NA,NA,NA,NA,Y,Y,N-A,TRUE,TRUE,FALSE,NA,primary,nis_1_dose_mmr,NA,01;02;04;05;06;08;09;10;11;12;13;15;16;17;18;19;20;21;22;23;24;25;26;27;28;29;30;31;32;33;34;35;36;37;38;39;40;41;42;44;45;46;47;48;49;50;51;53;54;55;56,51,NA,NA,676,2012-12-31,2024-12-31
nis_1_dose_varicella,nis,1,bundle_childhood_immunizations,direct,preventive_care,immunizations,percent,NA,0-100,Year,NA,NA,NA,NA,NA,NA,NA,NA,Y,Y,N-A,TRUE,TRUE,FALSE,NA,primary,nis_1_dose_varicella,NA,01;02;04;05;06;08;09;10;11;12;13;15;16;17;18;19;20;21;22;23;24;25;26;27;28;29;30;31;32;33;34;35;36;37;38;39;40;41;42;44;45;46;47;48;49;50;51;53;54;55;56,51,NA,NA,676,2012-12-31,2024-12-31
nis_combined_7_series,nis,1,bundle_childhood_immunizations,direct,preventive_care,immunizations,percent,NA,0-100,Year,NA,NA,NA,NA,NA,NA,NA,NA,Y,Y,N-A,TRUE,TRUE,FALSE,NA,primary,nis_combined_7_series,NA,01;02;04;05;06;08;09;10;11;12;13;15;16;17;18;19;20;21;22;23;24;25;26;27;28;29;30;31;32;33;34;35;36;37;38;39;40;41;42;44;45;46;47;48;49;50;51;53;54;55;56,51,NA,NA,624,2013-12-31,2024-12-31
nis_dtap_1_dose,nis,1,bundle_childhood_immunizations,direct,preventive_care,immunizations,percent,NA,0-100,Year,NA,NA,NA,NA,NA,NA,NA,NA,Y,Y,N-A,TRUE,TRUE,FALSE,NA,primary,nis_dtap_1_dose,NA,01;02;04;05;06;08;09;10;11;12;13;15;16;17;18;19;20;21;22;23;24;25;26;27;28;29;30;31;32;33;34;35;36;37;38;39;40;41;42;44;45;46;47;48;49;50;51;53;54;55;56,51,NA,NA,624,2011-12-31,2022-12-31
nis_dtap_2_doses,nis,1,bundle_childhood_immunizations,direct,preventive_care,immunizations,percent,NA,0-100,Year,NA,NA,NA,NA,NA,NA,NA,NA,Y,Y,N-A,TRUE,TRUE,FALSE,NA,primary,nis_dtap_2_doses,NA,01;02;04;05;06;08;09;10;11;12;13;15;16;17;18;19;20;21;22;23;24;25;26;27;28;29;30;31;32;33;34;35;36;37;38;39;40;41;42;44;45;46;47;48;49;50;51;53;54;55;56,51,NA,NA,624,2011-12-31,2022-12-31
nis_dtap_3_doses,nis,1,bundle_childhood_immunizations,direct,preventive_care,immunizations,percent,NA,0-100,Year,NA,NA,NA,NA,NA,NA,NA,NA,Y,Y,N-A,TRUE,TRUE,FALSE,NA,primary,nis_dtap_3_doses,NA,01;02;04;05;06;08;09;10;11;12;13;15;16;17;18;19;20;21;22;23;24;25;26;27;28;29;30;31;32;33;34;35;36;37;38;39;40;41;42;44;45;46;47;48;49;50;51;53;54;55;56,51,NA,NA,728,2011-12-31,2024-12-31
nis_dtap_4_doses,nis,1,bundle_childhood_immunizations,direct,preventive_care,immunizations,percent,NA,0-100,Year,NA,NA,NA,NA,NA,NA,NA,NA,Y,Y,N-A,TRUE,TRUE,FALSE,NA,primary,nis_dtap_4_doses,NA,01;02;04;05;06;08;09;10;11;12;13;15;16;17;18;19;20;21;22;23;24;25;26;27;28;29;30;31;32;33;34;35;36;37;38;39;40;41;42;44;45;46;47;48;49;50;51;53;54;55;56,51,NA,NA,676,2012-12-31,2024-12-31
nis_hep_a_1_dose,nis,1,bundle_childhood_immunizations,direct,preventive_care,immunizations,percent,NA,0-100,Year,NA,NA,NA,NA,NA,NA,NA,NA,Y,Y,N-A,TRUE,TRUE,FALSE,NA,primary,nis_hep_a_1_dose,NA,01;02;04;05;06;08;09;10;11;12;13;15;16;17;18;19;20;21;22;23;24;25;26;27;28;29;30;31;32;33;34;35;36;37;38;39;40;41;42;44;45;46;47;48;49;50;51;53;54;55;56,51,NA,NA,676,2012-12-31,2024-12-31
nis_hep_a_2_doses,nis,1,bundle_childhood_immunizations,direct,preventive_care,immunizations,percent,NA,0-100,Year,NA,NA,NA,NA,NA,NA,NA,NA,Y,Y,N-A,TRUE,TRUE,FALSE,NA,primary,nis_hep_a_2_doses,NA,01;02;04;05;06;08;09;10;11;12;13;15;16;17;18;19;20;21;22;23;24;25;26;27;28;29;30;31;32;33;34;35;36;37;38;39;40;41;42;44;45;46;47;48;49;50;51;53;54;55;56,51,NA,NA,676,2012-12-31,2024-12-31
nis_hep_b_1_dose,nis,1,bundle_childhood_immunizations,direct,preventive_care,immunizations,percent,NA,0-100,Year,NA,NA,NA,NA,NA,NA,NA,NA,Y,Y,N-A,TRUE,TRUE,FALSE,NA,primary,nis_hep_b_1_dose,NA,01;02;04;05;06;08;09;10;11;12;13;15;16;17;18;19;20;21;22;23;24;25;26;27;28;29;30;31;32;33;34;35;36;37;38;39;40;41;42;44;45;46;47;48;49;50;51;53;54;55;56,51,NA,NA,624,2011-12-31,2022-12-31
nis_hep_b_1_dose_1_day,nis,1,bundle_childhood_immunizations,direct,preventive_care,immunizations,percent,NA,0-100,Year,NA,NA,NA,NA,NA,NA,NA,NA,Y,Y,N-A,TRUE,TRUE,FALSE,NA,primary,nis_hep_b_1_dose_1_day,NA,01;02;04;05;06;08;09;10;11;12;13;15;16;17;18;19;20;21;22;23;24;25;26;27;28;29;30;31;32;33;34;35;36;37;38;39;40;41;42;44;45;46;47;48;49;50;51;53;54;55;56,51,NA,NA,624,2011-12-31,2022-12-31
nis_hep_b_1_dose_2_day,nis,1,bundle_childhood_immunizations,direct,preventive_care,immunizations,percent,NA,0-100,Year,NA,NA,NA,NA,NA,NA,NA,NA,Y,Y,N-A,TRUE,TRUE,FALSE,NA,primary,nis_hep_b_1_dose_2_day,NA,01;02;04;05;06;08;09;10;11;12;13;15;16;17;18;19;20;21;22;23;24;25;26;27;28;29;30;31;32;33;34;35;36;37;38;39;40;41;42;44;45;46;47;48;49;50;51;53;54;55;56,51,NA,NA,624,2011-12-31,2022-12-31
nis_hep_b_1_dose_3_day_birth_dose,nis,1,bundle_childhood_immunizations,direct,preventive_care,immunizations,percent,NA,0-100,Year,NA,NA,NA,NA,NA,NA,NA,NA,Y,Y,N-A,TRUE,TRUE,FALSE,NA,primary,nis_hep_b_1_dose_3_day_birth_dose,NA,01;02;04;05;06;08;09;10;11;12;13;15;16;17;18;19;20;21;22;23;24;25;26;27;28;29;30;31;32;33;34;35;36;37;38;39;40;41;42;44;45;46;47;48;49;50;51;53;54;55;56,51,NA,NA,624,2011-12-31,2022-12-31
nis_hep_b_2_doses,nis,1,bundle_childhood_immunizations,direct,preventive_care,immunizations,percent,NA,0-100,Year,NA,NA,NA,NA,NA,NA,NA,NA,Y,Y,N-A,TRUE,TRUE,FALSE,NA,primary,nis_hep_b_2_doses,NA,01;02;04;05;06;08;09;10;11;12;13;15;16;17;18;19;20;21;22;23;24;25;26;27;28;29;30;31;32;33;34;35;36;37;38;39;40;41;42;44;45;46;47;48;49;50;51;53;54;55;56,51,NA,NA,676,2011-12-31,2023-12-31
nis_hep_b_3_doses,nis,1,bundle_childhood_immunizations,direct,preventive_care,immunizations,percent,NA,0-100,Year,NA,NA,NA,NA,NA,NA,NA,NA,Y,Y,N-A,TRUE,TRUE,FALSE,NA,primary,nis_hep_b_3_doses,NA,01;02;04;05;06;08;09;10;11;12;13;15;16;17;18;19;20;21;22;23;24;25;26;27;28;29;30;31;32;33;34;35;36;37;38;39;40;41;42;44;45;46;47;48;49;50;51;53;54;55;56,51,NA,NA,728,2011-12-31,2024-12-31
nis_hib_1_dose,nis,1,bundle_childhood_immunizations,direct,preventive_care,immunizations,percent,NA,0-100,Year,NA,NA,NA,NA,NA,NA,NA,NA,Y,Y,N-A,TRUE,TRUE,FALSE,NA,primary,nis_hib_1_dose,NA,01;02;04;05;06;08;09;10;11;12;13;15;16;17;18;19;20;21;22;23;24;25;26;27;28;29;30;31;32;33;34;35;36;37;38;39;40;41;42;44;45;46;47;48;49;50;51;53;54;55;56,51,NA,NA,624,2011-12-31,2022-12-31
nis_hib_2_doses,nis,1,bundle_childhood_immunizations,direct,preventive_care,immunizations,percent,NA,0-100,Year,NA,NA,NA,NA,NA,NA,NA,NA,Y,Y,N-A,TRUE,TRUE,FALSE,NA,primary,nis_hib_2_doses,NA,01;02;04;05;06;08;09;10;11;12;13;15;16;17;18;19;20;21;22;23;24;25;26;27;28;29;30;31;32;33;34;35;36;37;38;39;40;41;42;44;45;46;47;48;49;50;51;53;54;55;56,51,NA,NA,676,2011-12-31,2023-12-31
nis_hib_3_doses,nis,1,bundle_childhood_immunizations,direct,preventive_care,immunizations,percent,NA,0-100,Year,NA,NA,NA,NA,NA,NA,NA,NA,Y,Y,N-A,TRUE,TRUE,FALSE,NA,primary,nis_hib_3_doses,NA,01;02;04;05;06;08;09;10;11;12;13;15;16;17;18;19;20;21;22;23;24;25;26;27;28;29;30;31;32;33;34;35;36;37;38;39;40;41;42;44;45;46;47;48;49;50;51;53;54;55;56,51,NA,NA,727,2011-12-31,2024-12-31
nis_hib_full_series,nis,1,bundle_childhood_immunizations,direct,preventive_care,immunizations,percent,NA,0-100,Year,NA,NA,NA,NA,NA,NA,NA,NA,Y,Y,N-A,TRUE,TRUE,FALSE,NA,primary,nis_hib_full_series,NA,01;02;04;05;06;08;09;10;11;12;13;15;16;17;18;19;20;21;22;23;24;25;26;27;28;29;30;31;32;33;34;35;36;37;38;39;40;41;42;44;45;46;47;48;49;50;51;53;54;55;56,51,NA,NA,676,2012-12-31,2024-12-31
nis_hib_primary_series,nis,1,bundle_childhood_immunizations,direct,preventive_care,immunizations,percent,NA,0-100,Year,NA,NA,NA,NA,NA,NA,NA,NA,Y,Y,N-A,TRUE,TRUE,FALSE,NA,primary,nis_hib_primary_series,NA,01;02;04;05;06;08;09;10;11;12;13;15;16;17;18;19;20;21;22;23;24;25;26;27;28;29;30;31;32;33;34;35;36;37;38;39;40;41;42;44;45;46;47;48;49;50;51;53;54;55;56,51,NA,NA,728,2011-12-31,2024-12-31
nis_pcv_1_dose,nis,1,bundle_childhood_immunizations,direct,preventive_care,immunizations,percent,NA,0-100,Year,NA,NA,NA,NA,NA,NA,NA,NA,Y,Y,N-A,TRUE,TRUE,FALSE,NA,primary,nis_pcv_1_dose,NA,01;02;04;05;06;08;09;10;11;12;13;15;16;17;18;19;20;21;22;23;24;25;26;27;28;29;30;31;32;33;34;35;36;37;38;39;40;41;42;44;45;46;47;48;49;50;51;53;54;55;56,51,NA,NA,624,2011-12-31,2022-12-31
nis_pcv_2_doses,nis,1,bundle_childhood_immunizations,direct,preventive_care,immunizations,percent,NA,0-100,Year,NA,NA,NA,NA,NA,NA,NA,NA,Y,Y,N-A,TRUE,TRUE,FALSE,NA,primary,nis_pcv_2_doses,NA,01;02;04;05;06;08;09;10;11;12;13;15;16;17;18;19;20;21;22;23;24;25;26;27;28;29;30;31;32;33;34;35;36;37;38;39;40;41;42;44;45;46;47;48;49;50;51;53;54;55;56,51,NA,NA,624,2011-12-31,2022-12-31
nis_pcv_3_doses,nis,1,bundle_childhood_immunizations,direct,preventive_care,immunizations,percent,NA,0-100,Year,NA,NA,NA,NA,NA,NA,NA,NA,Y,Y,N-A,TRUE,TRUE,FALSE,NA,primary,nis_pcv_3_doses,NA,01;02;04;05;06;08;09;10;11;12;13;15;16;17;18;19;20;21;22;23;24;25;26;27;28;29;30;31;32;33;34;35;36;37;38;39;40;41;42;44;45;46;47;48;49;50;51;53;54;55;56,51,NA,NA,728,2011-12-31,2024-12-31
nis_pcv_4_doses,nis,1,bundle_childhood_immunizations,direct,preventive_care,immunizations,percent,NA,0-100,Year,NA,NA,NA,NA,NA,NA,NA,NA,Y,Y,N-A,TRUE,TRUE,FALSE,NA,primary,nis_pcv_4_doses,NA,01;02;04;05;06;08;09;10;11;12;13;15;16;17;18;19;20;21;22;23;24;25;26;27;28;29;30;31;32;33;34;35;36;37;38;39;40;41;42;44;45;46;47;48;49;50;51;53;54;55;56,51,NA,NA,676,2012-12-31,2024-12-31
nis_polio_1_dose,nis,1,bundle_childhood_immunizations,direct,preventive_care,immunizations,percent,NA,0-100,Year,NA,NA,NA,NA,NA,NA,NA,NA,Y,Y,N-A,TRUE,TRUE,FALSE,NA,primary,nis_polio_1_dose,NA,01;02;04;05;06;08;09;10;11;12;13;15;16;17;18;19;20;21;22;23;24;25;26;27;28;29;30;31;32;33;34;35;36;37;38;39;40;41;42;44;45;46;47;48;49;50;51;53;54;55;56,51,NA,NA,624,2011-12-31,2022-12-31
nis_polio_2_doses,nis,1,bundle_childhood_immunizations,direct,preventive_care,immunizations,percent,NA,0-100,Year,NA,NA,NA,NA,NA,NA,NA,NA,Y,Y,N-A,TRUE,TRUE,FALSE,NA,primary,nis_polio_2_doses,NA,01;02;04;05;06;08;09;10;11;12;13;15;16;17;18;19;20;21;22;23;24;25;26;27;28;29;30;31;32;33;34;35;36;37;38;39;40;41;42;44;45;46;47;48;49;50;51;53;54;55;56,51,NA,NA,676,2011-12-31,2023-12-31
nis_polio_3_doses,nis,1,bundle_childhood_immunizations,direct,preventive_care,immunizations,percent,NA,0-100,Year,NA,NA,NA,NA,NA,NA,NA,NA,Y,Y,N-A,TRUE,TRUE,FALSE,NA,primary,nis_polio_3_doses,NA,01;02;04;05;06;08;09;10;11;12;13;15;16;17;18;19;20;21;22;23;24;25;26;27;28;29;30;31;32;33;34;35;36;37;38;39;40;41;42;44;45;46;47;48;49;50;51;53;54;55;56,51,NA,NA,676,2012-12-31,2024-12-31
nis_rotavirus,nis,1,bundle_childhood_immunizations,direct,preventive_care,immunizations,percent,NA,0-100,Year,NA,NA,NA,NA,NA,NA,NA,NA,Y,Y,N-A,TRUE,TRUE,FALSE,NA,primary,nis_rotavirus,NA,01;02;04;05;06;08;09;10;11;12;13;15;16;17;18;19;20;21;22;23;24;25;26;27;28;29;30;31;32;33;34;35;36;37;38;39;40;41;42;44;45;46;47;48;49;50;51;53;54;55;56,51,NA,NA,624,2011-12-31,2022-12-31
noaa_heat_risk_score,noaa_wpc_heatrisk,1,noaa_heat_risk,direct,environmental_health,other_environmental_hazards,number,Score (0-4),NA,Day,NA,NA,NA,NA,NA,NA,NA,NA,Y,Y,N-A,TRUE,TRUE,TRUE,NA,primary,noaa_heat_risk_score,NA,01;04;05;06;08;09;10;11;12;13;16;17;18;19;20;21;22;23;24;25;26;27;28;29;30;31;32;33;34;35;36;37;38;39;40;41;42;44;45;46;47;48;49;50;51;53;54;55;56,49,3109,49,2385045,2024-08-01,2026-08-25
nssp_pct_ed_visits_covid,cdc_nssp,1,nssp,direct,infectious_disease,NA,percent,NA,0-100,Week,NA,NA,NA,NA,NA,NA,NA,NA,Y,Y,Y,TRUE,TRUE,TRUE,NA,primary,nssp_pct_ed_visits_covid,NA,01;02;04;05;06;08;09;10;11;12;13;15;16;17;18;19;20;21;22;23;24;25;26;27;28;29;30;31;32;33;34;35;36;37;38;39;40;41;42;44;45;46;47;48;49;50;51;53;54;55;56,51,2355,38,485213,2022-10-01,2026-08-15
nssp_pct_ed_visits_flu,cdc_nssp,1,nssp,direct,infectious_disease,NA,percent,NA,0-100,Week,NA,NA,NA,NA,NA,NA,NA,NA,Y,Y,Y,TRUE,TRUE,TRUE,NA,primary,nssp_pct_ed_visits_flu,NA,01;02;04;05;06;08;09;10;11;12;13;15;16;17;18;19;20;21;22;23;24;25;26;27;28;29;30;31;32;33;34;35;36;37;38;39;40;41;42;44;45;46;47;48;49;50;51;53;54;55;56,51,2355,38,485213,2022-10-01,2026-08-15
nssp_pct_ed_visits_rsv,cdc_nssp,1,nssp,direct,infectious_disease,NA,percent,NA,0-100,Week,NA,NA,NA,NA,NA,NA,NA,NA,Y,Y,Y,TRUE,TRUE,TRUE,NA,primary,nssp_pct_ed_visits_rsv,NA,01;02;04;05;06;08;09;10;11;12;13;15;16;17;18;19;20;21;22;23;24;25;26;27;28;29;30;31;32;33;34;35;36;37;38;39;40;41;42;44;45;46;47;48;49;50;51;53;54;55;56,51,2355,38,485213,2022-10-01,2026-08-15
oqm_self_response_rate,census_oqm,1,NA,direct,social_determinants_of_health,social_and_community_context,percent,NA,0-1,Year,NA,NA,NA,NA,NA,NA,NA,NA,Y,N-A,Y,TRUE,FALSE,TRUE,NA,primary,oqm_self_response_rate,NA,NA,NA,3212,51,3213,2020-12-31,2020-12-31
pep_pct_65_older,census_pep,1,NA,direct,population_demographics,NA,percent,NA,0-1,Year,NA,NA,NA,NA,NA,NA,NA,NA,Y,Y,Y,TRUE,TRUE,TRUE,NA,primary,pep_pct_65_older,NA,01;02;04;05;06;08;09;10;11;12;13;15;16;17;18;19;20;21;22;23;24;25;26;27;28;29;30;31;32;33;34;35;36;37;38;39;40;41;42;44;45;46;47;48;49;50;51;53;54;55;56,51,3144,51,3196,2023-12-31,2023-12-31
pep_pct_aian,census_pep,1,NA,direct,population_demographics,NA,percent,NA,0-1,Year,NA,NA,NA,NA,NA,NA,NA,NA,Y,Y,Y,TRUE,TRUE,TRUE,NA,primary,pep_pct_aian,NA,01;02;04;05;06;08;09;10;11;12;13;15;16;17;18;19;20;21;22;23;24;25;26;27;28;29;30;31;32;33;34;35;36;37;38;39;40;41;42;44;45;46;47;48;49;50;51;53;54;55;56,51,3144,51,3196,2023-12-31,2023-12-31
pep_pct_asian,census_pep,1,NA,direct,population_demographics,NA,percent,NA,0-1,Year,NA,NA,NA,NA,NA,NA,NA,NA,Y,Y,Y,TRUE,TRUE,TRUE,NA,primary,pep_pct_asian,NA,01;02;04;05;06;08;09;10;11;12;13;15;16;17;18;19;20;21;22;23;24;25;26;27;28;29;30;31;32;33;34;35;36;37;38;39;40;41;42;44;45;46;47;48;49;50;51;53;54;55;56,51,3144,51,3196,2023-12-31,2023-12-31
pep_pct_female,census_pep,1,NA,direct,population_demographics,NA,percent,NA,0-1,Year,NA,NA,NA,NA,NA,NA,NA,NA,Y,Y,Y,TRUE,TRUE,TRUE,NA,primary,pep_pct_female,NA,01;02;04;05;06;08;09;10;11;12;13;15;16;17;18;19;20;21;22;23;24;25;26;27;28;29;30;31;32;33;34;35;36;37;38;39;40;41;42;44;45;46;47;48;49;50;51;53;54;55;56,51,3144,51,3196,2023-12-31,2023-12-31
pep_pct_hispanic,census_pep,1,NA,direct,population_demographics,NA,percent,NA,0-1,Year,NA,NA,NA,NA,NA,NA,NA,NA,Y,Y,Y,TRUE,TRUE,TRUE,NA,primary,pep_pct_hispanic,NA,01;02;04;05;06;08;09;10;11;12;13;15;16;17;18;19;20;21;22;23;24;25;26;27;28;29;30;31;32;33;34;35;36;37;38;39;40;41;42;44;45;46;47;48;49;50;51;53;54;55;56,51,3144,51,3196,2023-12-31,2023-12-31
pep_pct_nh_black,census_pep,1,NA,direct,population_demographics,NA,percent,NA,0-1,Year,NA,NA,NA,NA,NA,NA,NA,NA,Y,Y,Y,TRUE,TRUE,TRUE,NA,primary,pep_pct_nh_black,NA,01;02;04;05;06;08;09;10;11;12;13;15;16;17;18;19;20;21;22;23;24;25;26;27;28;29;30;31;32;33;34;35;36;37;38;39;40;41;42;44;45;46;47;48;49;50;51;53;54;55;56,51,3144,51,3196,2023-12-31,2023-12-31
pep_pct_nh_white,census_pep,1,NA,direct,population_demographics,NA,percent,NA,0-1,Year,NA,NA,NA,NA,NA,NA,NA,NA,Y,Y,Y,TRUE,TRUE,TRUE,NA,primary,pep_pct_nh_white,NA,01;02;04;05;06;08;09;10;11;12;13;15;16;17;18;19;20;21;22;23;24;25;26;27;28;29;30;31;32;33;34;35;36;37;38;39;40;41;42;44;45;46;47;48;49;50;51;53;54;55;56,51,3144,51,3196,2023-12-31,2023-12-31
pep_pct_nhpi,census_pep,1,NA,direct,population_demographics,NA,percent,NA,0-1,Year,NA,NA,NA,NA,NA,NA,NA,NA,Y,Y,Y,TRUE,TRUE,TRUE,NA,primary,pep_pct_nhpi,NA,01;02;04;05;06;08;09;10;11;12;13;15;16;17;18;19;20;21;22;23;24;25;26;27;28;29;30;31;32;33;34;35;36;37;38;39;40;41;42;44;45;46;47;48;49;50;51;53;54;55;56,51,3144,51,3196,2023-12-31,2023-12-31
pep_pct_under_18,census_pep,1,NA,direct,population_demographics,NA,percent,NA,0-1,Year,NA,NA,NA,NA,NA,NA,NA,NA,Y,Y,Y,TRUE,TRUE,TRUE,NA,primary,pep_pct_under_18,NA,01;02;04;05;06;08;09;10;11;12;13;15;16;17;18;19;20;21;22;23;24;25;26;27;28;29;30;31;32;33;34;35;36;37;38;39;40;41;42;44;45;46;47;48;49;50;51;53;54;55;56,51,3144,51,3196,2023-12-31,2023-12-31
pep_population,census_pep,1,NA,direct,population_demographics,NA,number,Persons,NA,Year,NA,NA,NA,NA,NA,NA,NA,NA,Y,Y,Y,TRUE,TRUE,TRUE,NA,primary,pep_population,NA,01;02;04;05;06;08;09;10;11;12;13;15;16;17;18;19;20;21;22;23;24;25;26;27;28;29;30;31;32;33;34;35;36;37;38;39;40;41;42;44;45;46;47;48;49;50;51;53;54;55;56,51,3144,51,3196,2023-12-31,2023-12-31
sahie_pct_uninsured,census_sahie,1,NA,direct,social_determinants_of_health,health_care_access_and_quality,percent,NA,0-1,Year,NA,NA,NA,NA,NA,NA,NA,NA,Y,Y,Y,TRUE,TRUE,TRUE,NA,primary,sahie_pct_uninsured,NA,01;02;04;05;06;08;09;10;11;12;13;15;16;17;18;19;20;21;22;23;24;25;26;27;28;29;30;31;32;33;34;35;36;37;38;39;40;41;42;44;45;46;47;48;49;50;51;53;54;55;56,51,3143,51,3195,2024-12-31,2024-12-31
sahie_pct_uninsured_adults,census_sahie,1,NA,direct,social_determinants_of_health,health_care_access_and_quality,percent,NA,0-1,Year,NA,NA,NA,NA,NA,NA,NA,NA,Y,Y,Y,TRUE,TRUE,TRUE,NA,primary,sahie_pct_uninsured_adults,NA,01;02;04;05;06;08;09;10;11;12;13;15;16;17;18;19;20;21;22;23;24;25;26;27;28;29;30;31;32;33;34;35;36;37;38;39;40;41;42;44;45;46;47;48;49;50;51;53;54;55;56,51,3143,51,3195,2024-12-31,2024-12-31
sahie_pct_uninsured_children,census_sahie,1,NA,direct,social_determinants_of_health,health_care_access_and_quality,percent,NA,0-1,Year,NA,NA,NA,NA,NA,NA,NA,NA,Y,Y,Y,TRUE,TRUE,TRUE,NA,primary,sahie_pct_uninsured_children,NA,01;02;04;05;06;08;09;10;11;12;13;15;16;17;18;19;20;21;22;23;24;25;26;27;28;29;30;31;32;33;34;35;36;37;38;39;40;41;42;44;45;46;47;48;49;50;51;53;54;55;56,51,3143,51,3195,2024-12-31,2024-12-31
saipe_median_household_income,census_saipe,1,NA,direct,social_determinants_of_health,economic_stability,dollars,NA,NA,Year,NA,NA,NA,NA,NA,NA,NA,NA,Y,Y,Y,TRUE,TRUE,TRUE,NA,primary,saipe_median_household_income,NA,01;02;04;05;06;08;09;10;11;12;13;15;16;17;18;19;20;21;22;23;24;25;26;27;28;29;30;31;32;33;34;35;36;37;38;39;40;41;42;44;45;46;47;48;49;50;51;53;54;55;56,51,3143,51,3195,2024-12-31,2024-12-31
saipe_pct_children_poverty,census_saipe,1,NA,direct,social_determinants_of_health,economic_stability,percent,NA,0-1,Year,NA,NA,NA,NA,NA,NA,NA,NA,Y,Y,Y,TRUE,TRUE,TRUE,NA,primary,saipe_pct_children_poverty,NA,01;02;04;05;06;08;09;10;11;12;13;15;16;17;18;19;20;21;22;23;24;25;26;27;28;29;30;31;32;33;34;35;36;37;38;39;40;41;42;44;45;46;47;48;49;50;51;53;54;55;56,51,3143,51,3195,2024-12-31,2024-12-31
svv_dtap,svv,1,bundle_childhood_immunizations,direct,preventive_care,immunizations,percent,NA,0-100,Year,NA,NA,NA,NA,NA,NA,NA,NA,Y,Y,N-A,TRUE,TRUE,FALSE,NA,primary,svv_dtap,NA,01;02;04;05;06;08;09;10;11;12;13;15;16;17;18;19;20;21;22;23;24;25;26;27;28;29;30;31;32;33;34;35;36;37;38;39;40;41;42;44;45;46;47;48;49;50;51;53;54;55;56,51,NA,NA,499,2016-12-31,2025-12-31
svv_exempt_full,svv,1,bundle_childhood_immunizations,direct,preventive_care,immunizations,percent,NA,0-100,Year,NA,NA,NA,NA,NA,NA,NA,NA,Y,Y,N-A,TRUE,TRUE,FALSE,NA,primary,svv_exempt_full,NA,01;02;04;05;06;08;09;10;11;12;13;15;16;17;18;19;20;21;22;23;24;25;26;27;28;29;30;31;32;33;34;35;36;37;38;39;40;41;42;44;45;46;47;48;49;50;51;53;54;55;56,51,NA,NA,806,2009-09-01,2025-09-01
svv_exempt_medical,svv,1,bundle_childhood_immunizations,direct,preventive_care,immunizations,percent,NA,0-100,Year,NA,NA,NA,NA,NA,NA,NA,NA,Y,Y,N-A,TRUE,TRUE,FALSE,NA,primary,svv_exempt_medical,NA,01;02;04;05;06;08;09;10;11;12;13;15;16;17;18;19;20;21;22;23;24;25;26;27;28;29;30;31;32;33;34;35;36;37;38;39;40;41;42;44;45;46;47;48;49;50;51;53;54;55;56,51,NA,NA,798,2009-09-01,2025-09-01
svv_exempt_personal,svv,1,bundle_childhood_immunizations,direct,preventive_care,immunizations,percent,NA,0-100,Year,NA,NA,NA,NA,NA,NA,NA,NA,Y,Y,N-A,TRUE,TRUE,FALSE,NA,primary,svv_exempt_personal,NA,01;02;04;05;06;08;09;10;11;12;13;15;16;17;18;19;20;21;22;23;24;25;26;27;28;29;30;31;32;33;34;35;36;37;38;39;40;41;42;44;45;46;47;48;49;50;51;53;55;56,50,NA,NA,757,2009-09-01,2025-09-01
svv_hep_b,svv,1,bundle_childhood_immunizations,direct,preventive_care,immunizations,percent,NA,0-100,Year,NA,NA,NA,NA,NA,NA,NA,NA,Y,Y,N-A,TRUE,TRUE,FALSE,NA,primary,svv_hep_b,NA,02;04;05;06;08;09;10;11;12;13;15;16;18;19;20;21;22;24;25;26;27;28;29;30;31;32;33;34;35;36;37;38;39;40;41;42;44;45;46;47;48;49;50;51;53;54;55;56,48,NA,NA,465,2016-12-31,2025-12-31
svv_mmr,svv,1,bundle_childhood_immunizations,direct,preventive_care,immunizations,percent,NA,0-100,Year,NA,NA,NA,NA,NA,NA,NA,NA,Y,Y,N-A,TRUE,TRUE,FALSE,NA,primary,svv_mmr,NA,01;02;04;05;06;08;09;10;11;12;13;15;16;17;18;19;20;21;22;23;24;25;26;27;28;29;30;31;32;33;34;35;36;37;38;39;40;41;42;44;45;46;47;48;49;50;51;53;54;55;56,51,NA,NA,500,2016-12-31,2025-12-31
svv_polio,svv,1,bundle_childhood_immunizations,direct,preventive_care,immunizations,percent,NA,0-100,Year,NA,NA,NA,NA,NA,NA,NA,NA,Y,Y,N-A,TRUE,TRUE,FALSE,NA,primary,svv_polio,NA,01;02;04;05;06;08;09;10;11;12;13;15;16;17;18;19;20;21;22;23;24;25;26;27;28;29;30;31;32;33;34;35;36;37;38;39;40;41;42;44;45;46;47;48;49;50;51;53;54;55;56,51,NA,NA,500,2016-12-31,2025-12-31
svv_varicella,svv,1,bundle_childhood_immunizations,direct,preventive_care,immunizations,percent,NA,0-100,Year,NA,NA,NA,NA,NA,NA,NA,NA,Y,Y,N-A,TRUE,TRUE,FALSE,NA,primary,svv_varicella,NA,01;02;04;05;06;08;09;10;11;12;13;15;16;17;18;19;20;21;22;23;24;25;26;27;28;29;30;31;32;33;34;35;36;37;38;39;40;41;42;44;45;46;47;48;49;50;51;53;54;55;56,51,NA,NA,500,2016-12-31,2025-12-31
usda_pct_limited_access_low_income,usda_fara,1,usda_food_access,direct,preventive_care,nutrition_and_exercise,percent,NA,0-1,Year,NA,NA,NA,NA,NA,NA,NA,NA,Y,Y,Y,FALSE,FALSE,TRUE,expected_national_absent,primary,usda_pct_limited_access_low_income,NA,NA,NA,3141,51,3141,2019-12-31,2019-12-31
wapo_met_herd_immunity_postpandemic,wapo,1,bundle_childhood_immunizations,direct,preventive_care,immunizations,number,"1 = met threshold, 0 = did not",NA,Year,NA,NA,NA,NA,NA,NA,NA,NA,Y,Y,conditional,FALSE,FALSE,TRUE,expected_national_absent,primary,wapo_met_herd_immunity_postpandemic,NA,NA,NA,2767,43,5514,2018-09-01,2024-09-01
wapo_met_herd_immunity_prepandemic,wapo,1,bundle_childhood_immunizations,direct,preventive_care,immunizations,number,"1 = met threshold, 0 = did not",NA,Year,NA,NA,NA,NA,NA,NA,NA,NA,Y,Y,conditional,FALSE,FALSE,TRUE,expected_national_absent,primary,wapo_met_herd_immunity_prepandemic,NA,NA,NA,2756,43,5503,2018-09-01,2024-09-01
wapo_mmr_coverage,wapo,1,bundle_childhood_immunizations,direct,preventive_care,immunizations,percent,NA,0-100,Year,NA,NA,NA,NA,NA,NA,NA,NA,Y,Y,conditional,FALSE,FALSE,TRUE,expected_national_absent,primary,wapo_mmr_coverage,NA,NA,NA,2869,44,5616,2018-09-01,2024-09-01
ww_measles_detection_rate,wastewater_measles,1,wastewater_measles,direct,infectious_disease,NA,percent,NA,0-100,Week,NA,NA,NA,NA,NA,NA,NA,NA,Y,Y,Y,TRUE,FALSE,TRUE,expected_state_absent,primary,ww_measles_detection_rate,NA,NA,NA,497,50,22357,2024-12-14,2026-08-22
